"QYEAR","NEWID","SEQNO","ALCNO","REC_ORIG","CRMCODEA","CRMC_DEA","ADVMATX","ADVMATX_","MATNSPCX","MATN_PCX","CRMCDA1","CRMCDA1_","CRMCDA2","CRMCDA2_","CRMCDA3","CRMCDA3_","CRMCDA4","CRMCDA4_","CRMCDA5","CRMCDA5_","CRMCDA6","CRMCDA6_","CRMCDA7","CRMCDA7_","CRMCDA8","CRMCDA8_","CRMCDA9","CRMCDA9_"
"20141",2649105,7,0,"1","280","D",40,"D",.,"A",,"A",,"A",,"A",,"A",,"A",,"A",,"A",,"A",,"A"
"20141",2651585,7,0,"1","300","D",800,"D",.,"A",,"A",,"A",,"A",,"A",,"A",,"A",,"A",,"A",,"A"
"20141",2652505,4,0,"1","235","D",106,"D",.,"A",,"A",,"A",,"A",,"A",,"A",,"A",,"A",,"A",,"A"
"20141",2653305,1,0,"1","300","D",1500,"D",.,"A",,"A",,"A",,"A",,"A",,"A",,"A",,"A",,"A",,"A"
"20141",2654435,8,0,"1","100","D",98434,"T",.,"A",,"A",,"A",,"A",,"A",,"A",,"A",,"A",,"A",,"A"
"20141",2655655,16,0,"1","200","D",700,"F",.,"A",,"A",,"A",,"A",,"A",,"A",,"A",,"A",,"A",,"A"
"20141",2656645,4,0,"1","175","D",85,"D",.,"A",,"A",,"A",,"A",,"A",,"A",,"A",,"A",,"A",,"A"
"20141",2657455,7,0,"1",,"A",.,"A",300,"D",,"A",,"A",,"A",,"A",,"A",,"A",,"A",,"A",,"A"
"20141",2657575,9,0,"1",,"A",.,"A",287,"D",,"A",,"A",,"A",,"A",,"A",,"A",,"A",,"A",,"A"
"20141",2659625,5,0,"1",,"A",.,"A",360,"D",,"A",,"A",,"A",,"A",,"A",,"A",,"A",,"A",,"A"
"20141",2659655,1,0,"1","200","D",10,"D",.,"A",,"A",,"A",,"A",,"A",,"A",,"A",,"A",,"A",,"A"
"20141",2659735,13,0,"1","130","D",105,"D",.,"A",,"A",,"A",,"A",,"A",,"A",,"A",,"A",,"A",,"A"
"20141",2662495,6,0,"1","130","D",500,"D",.,"A",,"A",,"A",,"A",,"A",,"A",,"A",,"A",,"A",,"A"
"20141",2662745,4,0,"1","310","D",.,"H",.,"A","175","D","130","D",,"A",,"A",,"A",,"A",,"A",,"A",,"A"
"20141",2662745,4,1,"1","175","D",707,"E",.,"A",,"A",,"A",,"A",,"A",,"A",,"A",,"A",,"A",,"A"
"20141",2662745,4,2,"1","130","D",5793,"E",.,"A",,"A",,"A",,"A",,"A",,"A",,"A",,"A",,"A",,"A"
"20141",2663225,8,0,"1",,"A",.,"A",100,"D",,"A",,"A",,"A",,"A",,"A",,"A",,"A",,"A",,"A"
"20141",2664295,19,0,"1","175","D",14,"D",.,"A",,"A",,"A",,"A",,"A",,"A",,"A",,"A",,"A",,"A"
"20141",2665035,8,0,"1",,"A",.,"A",150,"D",,"A",,"A",,"A",,"A",,"A",,"A",,"A",,"A",,"A"
"20141",2665275,12,0,"1","140","D",60,"D",.,"A",,"A",,"A",,"A",,"A",,"A",,"A",,"A",,"A",,"A"
"20141",2667025,4,0,"1",,"A",.,"A",100,"D",,"A",,"A",,"A",,"A",,"A",,"A",,"A",,"A",,"A"
"20141",2667295,21,0,"1","300","D",125,"D",.,"A",,"A",,"A",,"A",,"A",,"A",,"A",,"A",,"A",,"A"
"20141",2667545,17,0,"1","300","D",89,"D",.,"A",,"A",,"A",,"A",,"A",,"A",,"A",,"A",,"A",,"A"
"20141",2667585,20,0,"1","160","D",26,"D",.,"A",,"A",,"A",,"A",,"A",,"A",,"A",,"A",,"A",,"A"
"20141",2669515,6,0,"1","300","D",90,"D",.,"A",,"A",,"A",,"A",,"A",,"A",,"A",,"A",,"A",,"A"
"20141",2669845,8,0,"1","140","D",739,"D",.,"A",,"A",,"A",,"A",,"A",,"A",,"A",,"A",,"A",,"A"
"20141",2670065,4,0,"1",,"A",.,"A",50,"D",,"A",,"A",,"A",,"A",,"A",,"A",,"A",,"A",,"A"
"20141",2671545,7,0,"1","175","D",32,"D",.,"A",,"A",,"A",,"A",,"A",,"A",,"A",,"A",,"A",,"A"
"20141",2673065,8,0,"1","175","D",15,"D",.,"A",,"A",,"A",,"A",,"A",,"A",,"A",,"A",,"A",,"A"
"20141",2674355,7,0,"1",,"A",.,"A",20,"D",,"A",,"A",,"A",,"A",,"A",,"A",,"A",,"A",,"A"
"20141",2674815,7,0,"1","300","D",200,"D",.,"A",,"A",,"A",,"A",,"A",,"A",,"A",,"A",,"A",,"A"
"20141",2674915,1,0,"1","300","D",100,"D",.,"A",,"A",,"A",,"A",,"A",,"A",,"A",,"A",,"A",,"A"
"20141",2675145,2,0,"1","175","D",68,"D",.,"A",,"A",,"A",,"A",,"A",,"A",,"A",,"A",,"A",,"A"
"20141",2676585,7,0,"1",,"A",.,"A",200,"D",,"A",,"A",,"A",,"A",,"A",,"A",,"A",,"A",,"A"
"20141",2677005,12,0,"1","300","D",20,"D",.,"A",,"A",,"A",,"A",,"A",,"A",,"A",,"A",,"A",,"A"
"20141",2677355,22,0,"1","130","D",200,"D",.,"A",,"A",,"A",,"A",,"A",,"A",,"A",,"A",,"A",,"A"
"20141",2678605,9,0,"1",,"A",.,"A",20,"D",,"A",,"A",,"A",,"A",,"A",,"A",,"A",,"A",,"A"
"20141",2679585,6,0,"1","300","D",60,"D",.,"A",,"A",,"A",,"A",,"A",,"A",,"A",,"A",,"A",,"A"
"20141",2680205,3,0,"1","130","D",9,"F",.,"A",,"A",,"A",,"A",,"A",,"A",,"A",,"A",,"A",,"A"
"20141",2683854,20,0,"1","200","D",50,"D",.,"A",,"A",,"A",,"A",,"A",,"A",,"A",,"A",,"A",,"A"
"20141",2683974,3,0,"1",,"A",.,"A",100,"D",,"A",,"A",,"A",,"A",,"A",,"A",,"A",,"A",,"A"
"20141",2684714,25,0,"1",,"A",.,"A",116,"D",,"A",,"A",,"A",,"A",,"A",,"A",,"A",,"A",,"A"
"20141",2685644,5,0,"1",,"A",.,"A",100,"D",,"A",,"A",,"A",,"A",,"A",,"A",,"A",,"A",,"A"
"20141",2687474,10,0,"1",,"A",.,"A",500,"D",,"A",,"A",,"A",,"A",,"A",,"A",,"A",,"A",,"A"
"20141",2688824,2,0,"1","200","D",700,"D",.,"A",,"A",,"A",,"A",,"A",,"A",,"A",,"A",,"A",,"A"
"20141",2690704,34,0,"1",,"A",.,"A",25,"D",,"A",,"A",,"A",,"A",,"A",,"A",,"A",,"A",,"A"
"20141",2694214,18,0,"1","175","D",100,"D",.,"A",,"A",,"A",,"A",,"A",,"A",,"A",,"A",,"A",,"A"
"20141",2694294,4,0,"1",,"A",.,"A",100,"D",,"A",,"A",,"A",,"A",,"A",,"A",,"A",,"A",,"A"
"20141",2698254,12,0,"1","280","D",150,"D",.,"A",,"A",,"A",,"A",,"A",,"A",,"A",,"A",,"A",,"A"
"20141",2699284,10,0,"1","290","D",305,"D",.,"A",,"A",,"A",,"A",,"A",,"A",,"A",,"A",,"A",,"A"
"20141",2699394,6,0,"1",,"A",.,"A",450,"D",,"A",,"A",,"A",,"A",,"A",,"A",,"A",,"A",,"A"
"20141",2701614,15,0,"1","130","D",9,"D",.,"A",,"A",,"A",,"A",,"A",,"A",,"A",,"A",,"A",,"A"
"20141",2702264,2,0,"1","175","D",21,"D",.,"A",,"A",,"A",,"A",,"A",,"A",,"A",,"A",,"A",,"A"
"20141",2702314,13,0,"1","175","D",38,"D",.,"A",,"A",,"A",,"A",,"A",,"A",,"A",,"A",,"A",,"A"
"20141",2702374,6,0,"1","220","D",32,"D",.,"A",,"A",,"A",,"A",,"A",,"A",,"A",,"A",,"A",,"A"
"20141",2703374,7,0,"1","130","D",250,"D",.,"A",,"A",,"A",,"A",,"A",,"A",,"A",,"A",,"A",,"A"
"20141",2703494,6,0,"1","300","D",20,"D",.,"A",,"A",,"A",,"A",,"A",,"A",,"A",,"A",,"A",,"A"
"20141",2703694,11,0,"1",,"A",.,"A",100,"D",,"A",,"A",,"A",,"A",,"A",,"A",,"A",,"A",,"A"
"20141",2704854,7,0,"1",,"A",.,"A",300,"D",,"A",,"A",,"A",,"A",,"A",,"A",,"A",,"A",,"A"
"20141",2705094,16,0,"1","130","D",300,"D",.,"A",,"A",,"A",,"A",,"A",,"A",,"A",,"A",,"A",,"A"
"20141",2709224,12,0,"1","210","D",72,"D",.,"A",,"A",,"A",,"A",,"A",,"A",,"A",,"A",,"A",,"A"
"20141",2710004,5,0,"1","175","D",150,"D",.,"A",,"A",,"A",,"A",,"A",,"A",,"A",,"A",,"A",,"A"
"20141",2710314,2,0,"1","300","D",650,"D",.,"A",,"A",,"A",,"A",,"A",,"A",,"A",,"A",,"A",,"A"
"20141",2710564,11,0,"1",,"A",.,"A",40,"D",,"A",,"A",,"A",,"A",,"A",,"A",,"A",,"A",,"A"
"20141",2710824,6,0,"1","190","D",7,"D",.,"A",,"A",,"A",,"A",,"A",,"A",,"A",,"A",,"A",,"A"
"20141",2711264,5,0,"1",,"A",.,"A",50,"D",,"A",,"A",,"A",,"A",,"A",,"A",,"A",,"A",,"A"
"20141",2711804,2,0,"1",,"A",.,"A",200,"D",,"A",,"A",,"A",,"A",,"A",,"A",,"A",,"A",,"A"
"20141",2711984,20,0,"1","175","D",200,"D",.,"A",,"A",,"A",,"A",,"A",,"A",,"A",,"A",,"A",,"A"
"20141",2712414,6,0,"1","130","D",700,"D",.,"A",,"A",,"A",,"A",,"A",,"A",,"A",,"A",,"A",,"A"
"20141",2712964,12,0,"1","235","D",20,"D",.,"A",,"A",,"A",,"A",,"A",,"A",,"A",,"A",,"A",,"A"
"20141",2713214,11,0,"1",,"A",.,"A",40,"D",,"A",,"A",,"A",,"A",,"A",,"A",,"A",,"A",,"A"
"20141",2713444,6,0,"1","260","D",40,"D",.,"A",,"A",,"A",,"A",,"A",,"A",,"A",,"A",,"A",,"A"
"20141",2716783,5,0,"1","210","D",100,"D",.,"A",,"A",,"A",,"A",,"A",,"A",,"A",,"A",,"A",,"A"
"20141",2721923,9,0,"1","175","D",400,"D",.,"A",,"A",,"A",,"A",,"A",,"A",,"A",,"A",,"A",,"A"
"20141",2722403,22,0,"1",,"A",.,"A",200,"D",,"A",,"A",,"A",,"A",,"A",,"A",,"A",,"A",,"A"
"20141",2722805,9,0,"1",,"A",.,"A",2,"D",,"A",,"A",,"A",,"A",,"A",,"A",,"A",,"A",,"A"
"20141",2723373,17,0,"1","175","D",30,"D",.,"A",,"A",,"A",,"A",,"A",,"A",,"A",,"A",,"A",,"A"
"20141",2723843,13,0,"1","300","D",295,"D",.,"A",,"A",,"A",,"A",,"A",,"A",,"A",,"A",,"A",,"A"
"20141",2723893,11,0,"1",,"A",.,"A",310,"D",,"A",,"A",,"A",,"A",,"A",,"A",,"A",,"A",,"A"
"20141",2724333,10,0,"1",,"A",.,"A",150,"D",,"A",,"A",,"A",,"A",,"A",,"A",,"A",,"A",,"A"
"20141",2724503,1,0,"1",,"A",.,"A",100,"D",,"A",,"A",,"A",,"A",,"A",,"A",,"A",,"A",,"A"
"20141",2725543,7,0,"1","240","D",7,"D",.,"A",,"A",,"A",,"A",,"A",,"A",,"A",,"A",,"A",,"A"
"20141",2726753,4,0,"1",,"A",.,"A",150,"D",,"A",,"A",,"A",,"A",,"A",,"A",,"A",,"A",,"A"
"20141",2727583,11,0,"1","175","D",200,"D",.,"A",,"A",,"A",,"A",,"A",,"A",,"A",,"A",,"A",,"A"
"20141",2727843,7,0,"1","210","D",1000,"D",.,"A",,"A",,"A",,"A",,"A",,"A",,"A",,"A",,"A",,"A"
"20141",2728793,5,0,"1","130","D",1475,"D",.,"A",,"A",,"A",,"A",,"A",,"A",,"A",,"A",,"A",,"A"
"20141",2729953,13,0,"1",,"A",.,"A",10,"D",,"A",,"A",,"A",,"A",,"A",,"A",,"A",,"A",,"A"
"20141",2731123,5,0,"1",,"A",.,"A",38,"D",,"A",,"A",,"A",,"A",,"A",,"A",,"A",,"A",,"A"
"20141",2731333,20,0,"1",,"A",.,"A",500,"D",,"A",,"A",,"A",,"A",,"A",,"A",,"A",,"A",,"A"
"20141",2731803,10,0,"1","200","D",151,"D",.,"A",,"A",,"A",,"A",,"A",,"A",,"A",,"A",,"A",,"A"
"20141",2733703,13,0,"1","150","D",115,"D",.,"A",,"A",,"A",,"A",,"A",,"A",,"A",,"A",,"A",,"A"
"20141",2735993,4,0,"1",,"A",.,"A",50,"D",,"A",,"A",,"A",,"A",,"A",,"A",,"A",,"A",,"A"
"20141",2737943,9,0,"1",,"A",.,"A",6,"D",,"A",,"A",,"A",,"A",,"A",,"A",,"A",,"A",,"A"
"20141",2738323,3,0,"1","175","D",12,"D",.,"A",,"A",,"A",,"A",,"A",,"A",,"A",,"A",,"A",,"A"
"20141",2738963,11,0,"1","300","D",1,"D",.,"A",,"A",,"A",,"A",,"A",,"A",,"A",,"A",,"A",,"A"
"20141",2739303,3,0,"1","260","D",245,"D",.,"A",,"A",,"A",,"A",,"A",,"A",,"A",,"A",,"A",,"A"
"20141",2740123,9,0,"1","160","D",200,"D",150,"D",,"A",,"A",,"A",,"A",,"A",,"A",,"A",,"A",,"A"
"20141",2740323,9,0,"1","175","D",30,"D",.,"A",,"A",,"A",,"A",,"A",,"A",,"A",,"A",,"A",,"A"
"20141",2741153,3,0,"1",,"A",.,"A",30,"D",,"A",,"A",,"A",,"A",,"A",,"A",,"A",,"A",,"A"
"20141",2741223,12,0,"1",,"A",.,"A",25,"D",,"A",,"A",,"A",,"A",,"A",,"A",,"A",,"A",,"A"
"20141",2741403,8,0,"1",,"A",.,"A",20,"D",,"A",,"A",,"A",,"A",,"A",,"A",,"A",,"A",,"A"
"20141",2745963,5,0,"1",,"A",.,"A",20,"D",,"A",,"A",,"A",,"A",,"A",,"A",,"A",,"A",,"A"
"20141",2747063,16,0,"1","130","D",400,"D",.,"A",,"A",,"A",,"A",,"A",,"A",,"A",,"A",,"A",,"A"
"20141",2747822,13,0,"1",,"A",.,"A",65,"D",,"A",,"A",,"A",,"A",,"A",,"A",,"A",,"A",,"A"
"20141",2748422,13,0,"1","175","D",120,"D",.,"A",,"A",,"A",,"A",,"A",,"A",,"A",,"A",,"A",,"A"
"20141",2749872,2,0,"1","110","D",98434,"V",.,"A",,"A",,"A",,"A",,"A",,"A",,"A",,"A",,"A",,"A"
"20141",2750132,8,0,"1","175","D",300,"D",.,"A",,"A",,"A",,"A",,"A",,"A",,"A",,"A",,"A",,"A"
"20141",2751633,8,0,"1",,"A",.,"A",50,"D",,"A",,"A",,"A",,"A",,"A",,"A",,"A",,"A",,"A"
"20141",2753462,10,0,"1","280","D",630,"D",.,"A",,"A",,"A",,"A",,"A",,"A",,"A",,"A",,"A",,"A"
"20141",2754652,11,0,"1","310","D",.,"H",.,"A","130","D","140","D","175","D","200","D","220","D","235","D","300","D",,"A",,"A"
"20141",2754652,11,1,"1","130","D",3580,"E",.,"A",,"A",,"A",,"A",,"A",,"A",,"A",,"A",,"A",,"A"
"20141",2754652,11,2,"1","140","D",193,"E",.,"A",,"A",,"A",,"A",,"A",,"A",,"A",,"A",,"A",,"A"
"20141",2754652,11,3,"1","175","D",437,"E",.,"A",,"A",,"A",,"A",,"A",,"A",,"A",,"A",,"A",,"A"
"20141",2754652,11,4,"1","200","D",149,"E",.,"A",,"A",,"A",,"A",,"A",,"A",,"A",,"A",,"A",,"A"
"20141",2754652,11,5,"1","220","D",196,"E",.,"A",,"A",,"A",,"A",,"A",,"A",,"A",,"A",,"A",,"A"
"20141",2754652,11,6,"1","235","D",1638,"E",.,"A",,"A",,"A",,"A",,"A",,"A",,"A",,"A",,"A",,"A"
"20141",2754652,11,7,"1","300","D",1705,"E",.,"A",,"A",,"A",,"A",,"A",,"A",,"A",,"A",,"A",,"A"
"20141",2754742,21,0,"1","120","D",90,"D",.,"A",,"A",,"A",,"A",,"A",,"A",,"A",,"A",,"A",,"A"
"20141",2755302,2,0,"1",,"A",.,"A",20,"D",,"A",,"A",,"A",,"A",,"A",,"A",,"A",,"A",,"A"
"20141",2755752,27,0,"1",,"A",.,"A",40,"D",,"A",,"A",,"A",,"A",,"A",,"A",,"A",,"A",,"A"
"20141",2755812,17,0,"1",,"A",.,"A",250,"D",,"A",,"A",,"A",,"A",,"A",,"A",,"A",,"A",,"A"
"20141",2756192,8,0,"1","110","D",98434,"T",.,"A",,"A",,"A",,"A",,"A",,"A",,"A",,"A",,"A",,"A"
"20141",2756802,7,0,"1","300","D",300,"D",.,"A",,"A",,"A",,"A",,"A",,"A",,"A",,"A",,"A",,"A"
"20141",2756852,29,0,"1","300","D",110,"D",.,"A",,"A",,"A",,"A",,"A",,"A",,"A",,"A",,"A",,"A"
"20141",2757052,6,0,"1","175","D",25,"D",.,"A",,"A",,"A",,"A",,"A",,"A",,"A",,"A",,"A",,"A"
"20141",2758112,16,0,"1",,"A",.,"A",45,"D",,"A",,"A",,"A",,"A",,"A",,"A",,"A",,"A",,"A"
"20141",2760102,12,0,"1","175","D",150,"D",.,"A",,"A",,"A",,"A",,"A",,"A",,"A",,"A",,"A",,"A"
"20141",2760352,10,0,"1","220","D",100,"D",.,"A",,"A",,"A",,"A",,"A",,"A",,"A",,"A",,"A",,"A"
"20141",2760782,3,0,"1",,"A",.,"A",100,"D",,"A",,"A",,"A",,"A",,"A",,"A",,"A",,"A",,"A"
"20141",2761292,2,0,"1","175","D",45,"D",.,"A",,"A",,"A",,"A",,"A",,"A",,"A",,"A",,"A",,"A"
"20141",2761502,14,0,"1","130","D",450,"D",.,"A",,"A",,"A",,"A",,"A",,"A",,"A",,"A",,"A",,"A"
"20141",2761702,2,0,"1","235","D",400,"D",.,"A",,"A",,"A",,"A",,"A",,"A",,"A",,"A",,"A",,"A"
"20141",2761832,6,0,"1",,"A",.,"A",5,"D",,"A",,"A",,"A",,"A",,"A",,"A",,"A",,"A",,"A"
"20141",2762362,2,0,"1","175","D",200,"D",.,"A",,"A",,"A",,"A",,"A",,"A",,"A",,"A",,"A",,"A"
"20141",2764902,7,0,"1",,"A",.,"A",200,"D",,"A",,"A",,"A",,"A",,"A",,"A",,"A",,"A",,"A"
"20141",2765172,14,0,"1","120","D",200,"D",.,"A",,"A",,"A",,"A",,"A",,"A",,"A",,"A",,"A",,"A"
"20141",2765562,3,0,"1",,"A",.,"A",200,"D",,"A",,"A",,"A",,"A",,"A",,"A",,"A",,"A",,"A"
"20141",2765623,14,0,"1",,"A",.,"A",23,"D",,"A",,"A",,"A",,"A",,"A",,"A",,"A",,"A",,"A"
"20141",2766633,6,0,"1","130","D",650,"D",.,"A",,"A",,"A",,"A",,"A",,"A",,"A",,"A",,"A",,"A"
"20141",2769082,4,0,"1",,"A",.,"A",9,"D",,"A",,"A",,"A",,"A",,"A",,"A",,"A",,"A",,"A"
"20141",2769422,5,0,"1",,"A",.,"A",50,"D",,"A",,"A",,"A",,"A",,"A",,"A",,"A",,"A",,"A"
"20141",2769612,13,0,"1","175","D",28,"D",.,"A",,"A",,"A",,"A",,"A",,"A",,"A",,"A",,"A",,"A"
"20141",2769862,4,0,"1","300","D",35,"D",.,"A",,"A",,"A",,"A",,"A",,"A",,"A",,"A",,"A",,"A"
"20141",2770462,10,0,"1","175","D",60,"D",.,"A",,"A",,"A",,"A",,"A",,"A",,"A",,"A",,"A",,"A"
"20141",2771492,13,0,"1","140","D",105,"D",.,"A",,"A",,"A",,"A",,"A",,"A",,"A",,"A",,"A",,"A"
"20141",2771952,11,0,"1","280","D",500,"D",.,"A",,"A",,"A",,"A",,"A",,"A",,"A",,"A",,"A",,"A"
"20141",2772402,17,0,"1","130","D",4000,"D",.,"A",,"A",,"A",,"A",,"A",,"A",,"A",,"A",,"A",,"A"
"20141",2772722,7,0,"1","190","D",350,"D",.,"A",,"A",,"A",,"A",,"A",,"A",,"A",,"A",,"A",,"A"
"20141",2772962,17,0,"1",,"A",.,"A",300,"D",,"A",,"A",,"A",,"A",,"A",,"A",,"A",,"A",,"A"
"20141",2773882,10,0,"1","130","D",900,"D",.,"A",,"A",,"A",,"A",,"A",,"A",,"A",,"A",,"A",,"A"
"20141",2774232,13,0,"1","300","D",100,"D",.,"A",,"A",,"A",,"A",,"A",,"A",,"A",,"A",,"A",,"A"
"20141",2774472,12,0,"1","130","D",2200,"D",.,"A",,"A",,"A",,"A",,"A",,"A",,"A",,"A",,"A",,"A"
"20141",2775242,10,0,"1",,"A",.,"A",100,"D",,"A",,"A",,"A",,"A",,"A",,"A",,"A",,"A",,"A"
"20141",2775562,5,0,"1","200","D",75,"D",.,"A",,"A",,"A",,"A",,"A",,"A",,"A",,"A",,"A",,"A"
"20141",2775882,6,0,"1","235","D",475,"D",.,"A",,"A",,"A",,"A",,"A",,"A",,"A",,"A",,"A",,"A"
"20141",2776982,2,0,"1","260","D",1200,"D",.,"A",,"A",,"A",,"A",,"A",,"A",,"A",,"A",,"A",,"A"
"20141",2777702,9,0,"1",,"A",.,"A",30,"D",,"A",,"A",,"A",,"A",,"A",,"A",,"A",,"A",,"A"
"20141",2778552,13,0,"1",,"A",.,"A",300,"D",,"A",,"A",,"A",,"A",,"A",,"A",,"A",,"A",,"A"
"20141",2778772,14,0,"1","160","D",7,"D",.,"A",,"A",,"A",,"A",,"A",,"A",,"A",,"A",,"A",,"A"
"20141",2780512,13,0,"1","140","D",15,"D",.,"A",,"A",,"A",,"A",,"A",,"A",,"A",,"A",,"A",,"A"
"20141",2780672,2,0,"1","300","D",40,"D",.,"A",,"A",,"A",,"A",,"A",,"A",,"A",,"A",,"A",,"A"
"20141",2786533,2,0,"1",,"A",.,"A",25,"D",,"A",,"A",,"A",,"A",,"A",,"A",,"A",,"A",,"A"
"20141",2793574,9,0,"1","175","D",35,"D",.,"A",,"A",,"A",,"A",,"A",,"A",,"A",,"A",,"A",,"A"
"20141",2794035,7,0,"1","100","D",200,"D",.,"A",,"A",,"A",,"A",,"A",,"A",,"A",,"A",,"A",,"A"
"20141",2811542,8,0,"1",,"A",.,"A",13,"D",,"A",,"A",,"A",,"A",,"A",,"A",,"A",,"A",,"A"
"20141",2811745,5,0,"1","190","D",80,"D",.,"A",,"A",,"A",,"A",,"A",,"A",,"A",,"A",,"A",,"A"
"20142",2680365,10,0,"1","200","D",25,"D",.,"A",,"A",,"A",,"A",,"A",,"A",,"A",,"A",,"A",,"A"
"20142",2685445,4,0,"1","140","D",100,"D",.,"A",,"A",,"A",,"A",,"A",,"A",,"A",,"A",,"A",,"A"
"20142",2686945,4,0,"1","130","D",1300,"D",.,"A",,"A",,"A",,"A",,"A",,"A",,"A",,"A",,"A",,"A"
"20142",2687075,7,0,"1","175","D",79,"D",220,"D",,"A",,"A",,"A",,"A",,"A",,"A",,"A",,"A",,"A"
"20142",2689565,3,0,"1","175","D",15,"D",.,"A",,"A",,"A",,"A",,"A",,"A",,"A",,"A",,"A",,"A"
"20142",2691405,5,1,"1","280","D",11210,"E",.,"A",,"A",,"A",,"A",,"A",,"A",,"A",,"A",,"A",,"A"
"20142",2691405,5,0,"1","310","D",.,"H",.,"A","280","D","130","D",,"A",,"A",,"A",,"A",,"A",,"A",,"A"
"20142",2691785,2,0,"1",,"A",.,"A",50,"D",,"A",,"A",,"A",,"A",,"A",,"A",,"A",,"A",,"A"
"20142",2692595,11,0,"1","300","D",70,"D",.,"A",,"A",,"A",,"A",,"A",,"A",,"A",,"A",,"A",,"A"
"20142",2694135,8,0,"1","130","D",3000,"D",.,"A",,"A",,"A",,"A",,"A",,"A",,"A",,"A",,"A",,"A"
"20142",2694215,12,0,"1","160","D",150,"D",.,"A",,"A",,"A",,"A",,"A",,"A",,"A",,"A",,"A",,"A"
"20142",2694235,4,0,"1","300","D",65,"D",.,"A",,"A",,"A",,"A",,"A",,"A",,"A",,"A",,"A",,"A"
"20142",2694405,5,0,"1","140","D",250,"D",.,"A",,"A",,"A",,"A",,"A",,"A",,"A",,"A",,"A",,"A"
"20142",2695095,16,0,"1",,"A",.,"A",5000,"D",,"A",,"A",,"A",,"A",,"A",,"A",,"A",,"A",,"A"
"20142",2697595,4,0,"1","130","D",636,"D",.,"A",,"A",,"A",,"A",,"A",,"A",,"A",,"A",,"A",,"A"
"20142",2698165,7,0,"1",,"A",.,"A",150,"D",,"A",,"A",,"A",,"A",,"A",,"A",,"A",,"A",,"A"
"20142",2699805,4,0,"1","175","D",165,"D",.,"A",,"A",,"A",,"A",,"A",,"A",,"A",,"A",,"A",,"A"
"20142",2701245,2,0,"1","160","D",200,"F",.,"A",,"A",,"A",,"A",,"A",,"A",,"A",,"A",,"A",,"A"
"20142",2701255,11,0,"1","140","D",1000,"D",500,"D",,"A",,"A",,"A",,"A",,"A",,"A",,"A",,"A",,"A"
"20142",2705055,7,0,"1","175","D",55,"D",.,"A",,"A",,"A",,"A",,"A",,"A",,"A",,"A",,"A",,"A"
"20142",2705195,3,0,"1",,"A",.,"A",45,"D",,"A",,"A",,"A",,"A",,"A",,"A",,"A",,"A",,"A"
"20142",2705965,2,0,"1","235","D",1500,"D",.,"A",,"A",,"A",,"A",,"A",,"A",,"A",,"A",,"A",,"A"
"20142",2708715,4,0,"1","140","D",12,"D",.,"A",,"A",,"A",,"A",,"A",,"A",,"A",,"A",,"A",,"A"
"20142",2709255,10,0,"1","200","D",12,"D",.,"A",,"A",,"A",,"A",,"A",,"A",,"A",,"A",,"A",,"A"
"20142",2711015,8,0,"1",,"A",.,"A",200,"D",,"A",,"A",,"A",,"A",,"A",,"A",,"A",,"A",,"A"
"20142",2711415,17,0,"1",,"A",.,"A",400,"D",,"A",,"A",,"A",,"A",,"A",,"A",,"A",,"A",,"A"
"20142",2712605,3,0,"1",,"A",.,"A",100,"D",,"A",,"A",,"A",,"A",,"A",,"A",,"A",,"A",,"A"
"20142",2712995,4,0,"1",,"A",.,"A",437,"D",,"A",,"A",,"A",,"A",,"A",,"A",,"A",,"A",,"A"
"20142",2715134,15,0,"1","300","D",13,"D",.,"A",,"A",,"A",,"A",,"A",,"A",,"A",,"A",,"A",,"A"
"20142",2716164,6,0,"1","300","D",450,"D",.,"A",,"A",,"A",,"A",,"A",,"A",,"A",,"A",,"A",,"A"
"20142",2716504,2,0,"1","160","D",189,"D",.,"A",,"A",,"A",,"A",,"A",,"A",,"A",,"A",,"A",,"A"
"20142",2716574,7,0,"1","140","D",60,"D",.,"A",,"A",,"A",,"A",,"A",,"A",,"A",,"A",,"A",,"A"
"20142",2718234,10,0,"1","140","D",140,"D",.,"A",,"A",,"A",,"A",,"A",,"A",,"A",,"A",,"A",,"A"
"20142",2720234,6,0,"1","175","D",18,"D",.,"A",,"A",,"A",,"A",,"A",,"A",,"A",,"A",,"A",,"A"
"20142",2721354,8,0,"1","200","D",138,"D",.,"A",,"A",,"A",,"A",,"A",,"A",,"A",,"A",,"A",,"A"
"20142",2721924,7,0,"1","130","D",390,"D",.,"A",,"A",,"A",,"A",,"A",,"A",,"A",,"A",,"A",,"A"
"20142",2722274,8,0,"1","210","D",200,"D",.,"A",,"A",,"A",,"A",,"A",,"A",,"A",,"A",,"A",,"A"
"20142",2723174,5,3,"1","300","D",21,"E",.,"A",,"A",,"A",,"A",,"A",,"A",,"A",,"A",,"A",,"A"
"20142",2723174,5,2,"1","220","D",7,"E",.,"A",,"A",,"A",,"A",,"A",,"A",,"A",,"A",,"A",,"A"
"20142",2723174,5,1,"1","175","D",30,"E",.,"A",,"A",,"A",,"A",,"A",,"A",,"A",,"A",,"A",,"A"
"20142",2723174,5,0,"1","310","D",.,"H",.,"A","310","D","175","D",,"A",,"A",,"A",,"A",,"A",,"A",,"A"
"20142",2723374,9,0,"1","260","D",75,"D",32,"D",,"A",,"A",,"A",,"A",,"A",,"A",,"A",,"A",,"A"
"20142",2723844,4,0,"1","200","D",48,"D",.,"A",,"A",,"A",,"A",,"A",,"A",,"A",,"A",,"A",,"A"
"20142",2723894,6,0,"1",,"A",.,"A",1064,"D",,"A",,"A",,"A",,"A",,"A",,"A",,"A",,"A",,"A"
"20142",2724334,9,0,"1","290","D",320,"D",.,"A",,"A",,"A",,"A",,"A",,"A",,"A",,"A",,"A",,"A"
"20142",2726344,10,0,"1","300","D",40,"D",.,"A",,"A",,"A",,"A",,"A",,"A",,"A",,"A",,"A",,"A"
"20142",2727194,6,0,"1","200","D",600,"D",.,"A",,"A",,"A",,"A",,"A",,"A",,"A",,"A",,"A",,"A"
"20142",2727404,12,0,"1","300","D",10,"D",.,"A",,"A",,"A",,"A",,"A",,"A",,"A",,"A",,"A",,"A"
"20142",2728414,5,0,"1","175","D",40,"D",.,"A",,"A",,"A",,"A",,"A",,"A",,"A",,"A",,"A",,"A"
"20142",2729284,6,0,"1","200","D",8,"D",.,"A",,"A",,"A",,"A",,"A",,"A",,"A",,"A",,"A",,"A"
"20142",2736534,12,0,"1","160","D",200,"D",.,"A",,"A",,"A",,"A",,"A",,"A",,"A",,"A",,"A",,"A"
"20142",2737944,10,0,"1",,"A",.,"A",9,"D",,"A",,"A",,"A",,"A",,"A",,"A",,"A",,"A",,"A"
"20142",2738274,5,0,"1","140","D",30,"D",.,"A",,"A",,"A",,"A",,"A",,"A",,"A",,"A",,"A",,"A"
"20142",2738984,7,0,"1",,"A",.,"A",4,"D",,"A",,"A",,"A",,"A",,"A",,"A",,"A",,"A",,"A"
"20142",2739784,9,0,"1","140","D",20,"D",49,"D",,"A",,"A",,"A",,"A",,"A",,"A",,"A",,"A",,"A"
"20142",2739984,10,0,"1","175","D",60,"D",.,"A",,"A",,"A",,"A",,"A",,"A",,"A",,"A",,"A",,"A"
"20142",2740814,7,0,"1","175","D",100,"D",.,"A",,"A",,"A",,"A",,"A",,"A",,"A",,"A",,"A",,"A"
"20142",2741234,8,0,"1","300","D",40,"D",.,"A",,"A",,"A",,"A",,"A",,"A",,"A",,"A",,"A",,"A"
"20142",2742274,5,0,"1","290","D",5000,"D",.,"A",,"A",,"A",,"A",,"A",,"A",,"A",,"A",,"A",,"A"
"20142",2744574,1,0,"1",,"A",.,"A",98,"D",,"A",,"A",,"A",,"A",,"A",,"A",,"A",,"A",,"A"
"20142",2745574,10,0,"1",,"A",.,"A",20,"D",,"A",,"A",,"A",,"A",,"A",,"A",,"A",,"A",,"A"
"20142",2747903,8,0,"1","130","D",151,"D",.,"A",,"A",,"A",,"A",,"A",,"A",,"A",,"A",,"A",,"A"
"20142",2748853,8,0,"1","175","D",22,"D",.,"A",,"A",,"A",,"A",,"A",,"A",,"A",,"A",,"A",,"A"
"20142",2749693,3,0,"1","140","D",100,"D",.,"A",,"A",,"A",,"A",,"A",,"A",,"A",,"A",,"A",,"A"
"20142",2750233,5,0,"1",,"A",.,"A",130,"D",,"A",,"A",,"A",,"A",,"A",,"A",,"A",,"A",,"A"
"20142",2750303,8,0,"1","300","D",124,"D",.,"A",,"A",,"A",,"A",,"A",,"A",,"A",,"A",,"A",,"A"
"20142",2751333,4,0,"1","175","D",100,"D",.,"A",,"A",,"A",,"A",,"A",,"A",,"A",,"A",,"A",,"A"
"20142",2751823,5,0,"1","175","D",300,"D",.,"A",,"A",,"A",,"A",,"A",,"A",,"A",,"A",,"A",,"A"
"20142",2752413,3,0,"1","300","D",300,"D",.,"A",,"A",,"A",,"A",,"A",,"A",,"A",,"A",,"A",,"A"
"20142",2752983,7,2,"1","260","D",214,"E",.,"A",,"A",,"A",,"A",,"A",,"A",,"A",,"A",,"A",,"A"
"20142",2752983,7,0,"1","310","D",.,"H",.,"A","290","D","260","D",,"A",,"A",,"A",,"A",,"A",,"A",,"A"
"20142",2752983,7,1,"1","290","D",2286,"E",.,"A",,"A",,"A",,"A",,"A",,"A",,"A",,"A",,"A",,"A"
"20142",2753463,6,0,"1","130","D",330,"D",.,"A",,"A",,"A",,"A",,"A",,"A",,"A",,"A",,"A",,"A"
"20142",2753533,6,0,"1","130","D",25,"D",.,"A",,"A",,"A",,"A",,"A",,"A",,"A",,"A",,"A",,"A"
"20142",2753543,2,0,"1",,"A",.,"A",5,"D",,"A",,"A",,"A",,"A",,"A",,"A",,"A",,"A",,"A"
"20142",2754583,12,0,"1","140","D",200,"D",.,"A",,"A",,"A",,"A",,"A",,"A",,"A",,"A",,"A",,"A"
"20142",2756353,5,0,"1","300","D",100,"D",.,"A",,"A",,"A",,"A",,"A",,"A",,"A",,"A",,"A",,"A"
"20142",2757183,9,0,"1","300","D",150,"D",225,"D",,"A",,"A",,"A",,"A",,"A",,"A",,"A",,"A",,"A"
"20142",2757983,6,0,"1",,"A",.,"A",10,"D",,"A",,"A",,"A",,"A",,"A",,"A",,"A",,"A",,"A"
"20142",2760493,4,0,"1",,"A",.,"A",75,"D",,"A",,"A",,"A",,"A",,"A",,"A",,"A",,"A",,"A"
"20142",2761373,4,0,"1","300","D",100,"D",.,"A",,"A",,"A",,"A",,"A",,"A",,"A",,"A",,"A",,"A"
"20142",2762454,2,0,"1",,"A",.,"A",22,"D",,"A",,"A",,"A",,"A",,"A",,"A",,"A",,"A",,"A"
"20142",2763623,4,0,"1",,"A",.,"A",86,"D",,"A",,"A",,"A",,"A",,"A",,"A",,"A",,"A",,"A"
"20142",2764003,8,0,"1","130","D",790,"D",.,"A",,"A",,"A",,"A",,"A",,"A",,"A",,"A",,"A",,"A"
"20142",2765624,16,0,"1",,"A",.,"A",40,"D",,"A",,"A",,"A",,"A",,"A",,"A",,"A",,"A",,"A"
"20142",2766953,2,0,"1",,"A",.,"A",50,"D",,"A",,"A",,"A",,"A",,"A",,"A",,"A",,"A",,"A"
"20142",2767763,1,0,"1","175","D",52,"D",.,"A",,"A",,"A",,"A",,"A",,"A",,"A",,"A",,"A",,"A"
"20142",2768623,11,0,"1","300","D",75,"D",.,"A",,"A",,"A",,"A",,"A",,"A",,"A",,"A",,"A",,"A"
"20142",2768923,2,0,"1","300","D",16,"D",.,"A",,"A",,"A",,"A",,"A",,"A",,"A",,"A",,"A",,"A"
"20142",2769443,6,0,"1",,"A",.,"A",60,"D",,"A",,"A",,"A",,"A",,"A",,"A",,"A",,"A",,"A"
"20142",2770113,7,0,"1","140","D",16,"D",.,"A",,"A",,"A",,"A",,"A",,"A",,"A",,"A",,"A",,"A"
"20142",2771423,9,0,"1","300","D",40,"D",.,"A",,"A",,"A",,"A",,"A",,"A",,"A",,"A",,"A",,"A"
"20142",2771493,16,0,"1","200","D",30,"D",130,"D",,"A",,"A",,"A",,"A",,"A",,"A",,"A",,"A",,"A"
"20142",2772173,9,0,"1","160","D",300,"D",.,"A",,"A",,"A",,"A",,"A",,"A",,"A",,"A",,"A",,"A"
"20142",2772953,5,0,"1","300","D",87,"D",.,"A",,"A",,"A",,"A",,"A",,"A",,"A",,"A",,"A",,"A"
"20142",2773113,11,0,"1",,"A",.,"A",40,"D",,"A",,"A",,"A",,"A",,"A",,"A",,"A",,"A",,"A"
"20142",2773173,18,0,"1",,"A",.,"A",250,"D",,"A",,"A",,"A",,"A",,"A",,"A",,"A",,"A",,"A"
"20142",2774903,4,0,"1","140","D",50,"D",.,"A",,"A",,"A",,"A",,"A",,"A",,"A",,"A",,"A",,"A"
"20142",2777703,8,0,"1",,"A",.,"A",20,"D",,"A",,"A",,"A",,"A",,"A",,"A",,"A",,"A",,"A"
"20142",2778423,5,0,"1","300","D",200,"D",.,"A",,"A",,"A",,"A",,"A",,"A",,"A",,"A",,"A",,"A"
"20142",2780703,3,0,"1","100","D",208,"D",.,"A",,"A",,"A",,"A",,"A",,"A",,"A",,"A",,"A",,"A"
"20142",2782522,12,0,"1","300","D",200,"D",.,"A",,"A",,"A",,"A",,"A",,"A",,"A",,"A",,"A",,"A"
"20142",2783052,6,0,"1","240","D",300,"D",.,"A",,"A",,"A",,"A",,"A",,"A",,"A",,"A",,"A",,"A"
"20142",2785302,9,0,"1","175","D",125,"D",.,"A",,"A",,"A",,"A",,"A",,"A",,"A",,"A",,"A",,"A"
"20142",2785712,5,0,"1","290","D",300,"D",.,"A",,"A",,"A",,"A",,"A",,"A",,"A",,"A",,"A",,"A"
"20142",2786162,4,0,"1",,"A",.,"A",15,"D",,"A",,"A",,"A",,"A",,"A",,"A",,"A",,"A",,"A"
"20142",2786262,6,0,"1","175","D",53,"D",.,"A",,"A",,"A",,"A",,"A",,"A",,"A",,"A",,"A",,"A"
"20142",2786592,1,0,"1","200","D",221,"D",.,"A",,"A",,"A",,"A",,"A",,"A",,"A",,"A",,"A",,"A"
"20142",2786722,10,0,"1","100","D",150,"D",.,"A",,"A",,"A",,"A",,"A",,"A",,"A",,"A",,"A",,"A"
"20142",2787232,1,0,"1",,"A",.,"A",100,"D",,"A",,"A",,"A",,"A",,"A",,"A",,"A",,"A",,"A"
"20142",2787382,5,0,"1",,"A",.,"A",200,"D",,"A",,"A",,"A",,"A",,"A",,"A",,"A",,"A",,"A"
"20142",2787532,3,0,"1","280","D",780,"D",.,"A",,"A",,"A",,"A",,"A",,"A",,"A",,"A",,"A",,"A"
"20142",2787612,5,0,"1","280","D",1200,"D",.,"A",,"A",,"A",,"A",,"A",,"A",,"A",,"A",,"A",,"A"
"20142",2788122,12,0,"1",,"A",.,"A",16,"D",,"A",,"A",,"A",,"A",,"A",,"A",,"A",,"A",,"A"
"20142",2789072,5,0,"1",,"A",.,"A",75,"D",,"A",,"A",,"A",,"A",,"A",,"A",,"A",,"A",,"A"
"20142",2789912,5,0,"1","280","D",1500,"D",.,"A",,"A",,"A",,"A",,"A",,"A",,"A",,"A",,"A",,"A"
"20142",2789942,11,0,"1","300","D",180,"D",.,"A",,"A",,"A",,"A",,"A",,"A",,"A",,"A",,"A",,"A"
"20142",2791142,4,0,"1","130","D",500,"D",.,"A",,"A",,"A",,"A",,"A",,"A",,"A",,"A",,"A",,"A"
"20142",2793022,4,0,"1","175","D",160,"D",.,"A",,"A",,"A",,"A",,"A",,"A",,"A",,"A",,"A",,"A"
"20142",2793582,1,0,"1",,"A",.,"A",500,"D",,"A",,"A",,"A",,"A",,"A",,"A",,"A",,"A",,"A"
"20142",2794672,9,0,"1",,"A",.,"A",100,"D",,"A",,"A",,"A",,"A",,"A",,"A",,"A",,"A",,"A"
"20142",2794812,3,0,"1","130","D",7500,"D",.,"A",,"A",,"A",,"A",,"A",,"A",,"A",,"A",,"A",,"A"
"20142",2796092,5,0,"1","130","D",200,"D",.,"A",,"A",,"A",,"A",,"A",,"A",,"A",,"A",,"A",,"A"
"20142",2796942,8,0,"1","175","D",250,"D",.,"A",,"A",,"A",,"A",,"A",,"A",,"A",,"A",,"A",,"A"
"20142",2797472,13,0,"1","200","D",175,"D",.,"A",,"A",,"A",,"A",,"A",,"A",,"A",,"A",,"A",,"A"
"20142",2798752,9,0,"1",,"A",.,"A",90,"D",,"A",,"A",,"A",,"A",,"A",,"A",,"A",,"A",,"A"
"20142",2799532,3,0,"1",,"A",.,"A",450,"D",,"A",,"A",,"A",,"A",,"A",,"A",,"A",,"A",,"A"
"20142",2800062,3,0,"1","260","D",100,"D",.,"A",,"A",,"A",,"A",,"A",,"A",,"A",,"A",,"A",,"A"
"20142",2800944,3,0,"1","160","D",100,"D",.,"A",,"A",,"A",,"A",,"A",,"A",,"A",,"A",,"A",,"A"
"20142",2802532,8,0,"1","235","D",200,"D",50,"F",,"A",,"A",,"A",,"A",,"A",,"A",,"A",,"A",,"A"
"20142",2802652,5,0,"1","220","D",20,"D",.,"A",,"A",,"A",,"A",,"A",,"A",,"A",,"A",,"A",,"A"
"20142",2803432,3,0,"1",,"A",.,"A",30,"D",,"A",,"A",,"A",,"A",,"A",,"A",,"A",,"A",,"A"
"20142",2804252,13,0,"1","300","D",320,"D",.,"A",,"A",,"A",,"A",,"A",,"A",,"A",,"A",,"A",,"A"
"20142",2805302,14,0,"1",,"A",.,"A",600,"D",,"A",,"A",,"A",,"A",,"A",,"A",,"A",,"A",,"A"
"20142",2805362,8,0,"1","300","D",10,"D",.,"A",,"A",,"A",,"A",,"A",,"A",,"A",,"A",,"A",,"A"
"20142",2805872,4,0,"1","300","D",40,"D",.,"A",,"A",,"A",,"A",,"A",,"A",,"A",,"A",,"A",,"A"
"20142",2805942,2,0,"1",,"A",.,"A",9,"D",,"A",,"A",,"A",,"A",,"A",,"A",,"A",,"A",,"A"
"20142",2806062,3,0,"1","200","D",476,"D",.,"A",,"A",,"A",,"A",,"A",,"A",,"A",,"A",,"A",,"A"
"20142",2806132,5,0,"1",,"A",.,"A",928,"D",,"A",,"A",,"A",,"A",,"A",,"A",,"A",,"A",,"A"
"20142",2806812,12,0,"1",,"A",.,"A",50,"D",,"A",,"A",,"A",,"A",,"A",,"A",,"A",,"A",,"A"
"20142",2807022,9,0,"1",,"A",.,"A",20,"D",,"A",,"A",,"A",,"A",,"A",,"A",,"A",,"A",,"A"
"20142",2807122,10,0,"1","175","D",100,"D",.,"A",,"A",,"A",,"A",,"A",,"A",,"A",,"A",,"A",,"A"
"20142",2807232,12,0,"1","175","D",75,"D",.,"A",,"A",,"A",,"A",,"A",,"A",,"A",,"A",,"A",,"A"
"20142",2807322,2,0,"1",,"A",.,"A",1100,"D",,"A",,"A",,"A",,"A",,"A",,"A",,"A",,"A",,"A"
"20142",2807372,5,0,"1","260","D",30,"D",.,"A",,"A",,"A",,"A",,"A",,"A",,"A",,"A",,"A",,"A"
"20142",2808272,4,0,"1","310","D",.,"H",.,"A","140","D","300","D",,"A",,"A",,"A",,"A",,"A",,"A",,"A"
"20142",2808272,4,20,"1","140","D",250,"D",.,"A",,"A",,"A",,"A",,"A",,"A",,"A",,"A",,"A",,"A"
"20142",2808272,4,40,"1","300","D",100,"D",.,"A",,"A",,"A",,"A",,"A",,"A",,"A",,"A",,"A",,"A"
"20142",2809112,7,0,"1",,"A",.,"A",85,"D",,"A",,"A",,"A",,"A",,"A",,"A",,"A",,"A",,"A"
"20142",2811543,7,0,"1",,"A",.,"A",5,"D",,"A",,"A",,"A",,"A",,"A",,"A",,"A",,"A",,"A"
"20142",2811992,3,0,"1","235","D",800,"D",.,"A",,"A",,"A",,"A",,"A",,"A",,"A",,"A",,"A",,"A"
"20142",2812782,3,0,"1","235","D",5400,"D",600,"D",,"A",,"A",,"A",,"A",,"A",,"A",,"A",,"A",,"A"
"20142",2813652,4,0,"1","300","D",87,"F",.,"A",,"A",,"A",,"A",,"A",,"A",,"A",,"A",,"A",,"A"
"20142",2814022,10,0,"1",,"A",.,"A",100,"D",,"A",,"A",,"A",,"A",,"A",,"A",,"A",,"A",,"A"
"20142",2814042,9,0,"1","280","D",200,"D",.,"A",,"A",,"A",,"A",,"A",,"A",,"A",,"A",,"A",,"A"
"20142",2814193,6,0,"1","175","D",30,"D",7,"D",,"A",,"A",,"A",,"A",,"A",,"A",,"A",,"A",,"A"
"20142",2837104,5,0,"1","175","D",100,"D",.,"A",,"A",,"A",,"A",,"A",,"A",,"A",,"A",,"A",,"A"
"20142",2842832,1,0,"1","260","D",445,"D",.,"A",,"A",,"A",,"A",,"A",,"A",,"A",,"A",,"A",,"A"
"20142",2870852,5,0,"1","300","D",265,"D",.,"A",,"A",,"A",,"A",,"A",,"A",,"A",,"A",,"A",,"A"
"20142",2878034,12,0,"1","175","D",30,"D",.,"A",,"A",,"A",,"A",,"A",,"A",,"A",,"A",,"A",,"A"
"20143",2714405,11,0,"1","175","D",26,"D",.,"A",,"A",,"A",,"A",,"A",,"A",,"A",,"A",,"A",,"A"
"20143",2716925,4,0,"1","260","D",356,"D",.,"A",,"A",,"A",,"A",,"A",,"A",,"A",,"A",,"A",,"A"
"20143",2718455,12,0,"1",,"A",.,"A",15,"D",,"A",,"A",,"A",,"A",,"A",,"A",,"A",,"A",,"A"
"20143",2721355,8,0,"1","200","D",130,"D",.,"A",,"A",,"A",,"A",,"A",,"A",,"A",,"A",,"A",,"A"
"20143",2721385,14,0,"1","175","D",36,"D",.,"A",,"A",,"A",,"A",,"A",,"A",,"A",,"A",,"A",,"A"
"20143",2721435,13,0,"1",,"A",.,"A",40,"D",,"A",,"A",,"A",,"A",,"A",,"A",,"A",,"A",,"A"
"20143",2721925,6,0,"1",,"A",.,"A",260,"D",,"A",,"A",,"A",,"A",,"A",,"A",,"A",,"A",,"A"
"20143",2722145,10,0,"1","190","D",350,"D",.,"A",,"A",,"A",,"A",,"A",,"A",,"A",,"A",,"A",,"A"
"20143",2725995,3,0,"1","175","D",20,"D",.,"A",,"A",,"A",,"A",,"A",,"A",,"A",,"A",,"A",,"A"
"20143",2727295,8,0,"1",,"A",.,"A",150,"D",,"A",,"A",,"A",,"A",,"A",,"A",,"A",,"A",,"A"
"20143",2728175,9,0,"1","140","D",66,"D",.,"A",,"A",,"A",,"A",,"A",,"A",,"A",,"A",,"A",,"A"
"20143",2728965,5,0,"1",,"A",.,"A",4000,"D",,"A",,"A",,"A",,"A",,"A",,"A",,"A",,"A",,"A"
"20143",2729255,2,0,"1","300","D",1100,"D",.,"A",,"A",,"A",,"A",,"A",,"A",,"A",,"A",,"A",,"A"
"20143",2729295,7,0,"1",,"A",.,"A",24,"D",,"A",,"A",,"A",,"A",,"A",,"A",,"A",,"A",,"A"
"20143",2729665,7,0,"1","150","D",26,"D",79,"D",,"A",,"A",,"A",,"A",,"A",,"A",,"A",,"A",,"A"
"20143",2729955,13,0,"1",,"A",.,"A",75,"D",,"A",,"A",,"A",,"A",,"A",,"A",,"A",,"A",,"A"
"20143",2730425,1,0,"1","280","D",215,"D",.,"A",,"A",,"A",,"A",,"A",,"A",,"A",,"A",,"A",,"A"
"20143",2730625,9,0,"1","175","D",30,"D",.,"A",,"A",,"A",,"A",,"A",,"A",,"A",,"A",,"A",,"A"
"20143",2731185,3,0,"1","130","D",460,"D",.,"A",,"A",,"A",,"A",,"A",,"A",,"A",,"A",,"A",,"A"
"20143",2731465,2,0,"1","175","D",100,"D",.,"A",,"A",,"A",,"A",,"A",,"A",,"A",,"A",,"A",,"A"
"20143",2733785,2,0,"1","175","D",57,"D",.,"A",,"A",,"A",,"A",,"A",,"A",,"A",,"A",,"A",,"A"
"20143",2736015,2,0,"1","200","D",1000,"D",50,"D",,"A",,"A",,"A",,"A",,"A",,"A",,"A",,"A",,"A"
"20143",2737995,12,0,"1","175","D",28,"D",.,"A",,"A",,"A",,"A",,"A",,"A",,"A",,"A",,"A",,"A"
"20143",2738895,7,0,"1",,"A",.,"A",7,"D",,"A",,"A",,"A",,"A",,"A",,"A",,"A",,"A",,"A"
"20143",2739535,8,0,"1","190","D",200,"D",.,"A",,"A",,"A",,"A",,"A",,"A",,"A",,"A",,"A",,"A"
"20143",2739815,25,0,"1","175","D",138,"D",.,"A",,"A",,"A",,"A",,"A",,"A",,"A",,"A",,"A",,"A"
"20143",2740225,3,0,"1","240","D",52,"D",.,"A",,"A",,"A",,"A",,"A",,"A",,"A",,"A",,"A",,"A"
"20143",2740505,3,0,"1",,"A",.,"A",20,"D",,"A",,"A",,"A",,"A",,"A",,"A",,"A",,"A",,"A"
"20143",2740665,4,0,"1",,"A",.,"A",40,"D",,"A",,"A",,"A",,"A",,"A",,"A",,"A",,"A",,"A"
"20143",2741225,8,0,"1","235","D",525,"D",.,"A",,"A",,"A",,"A",,"A",,"A",,"A",,"A",,"A",,"A"
"20143",2742755,11,0,"1","130","D",5000,"D",.,"A",,"A",,"A",,"A",,"A",,"A",,"A",,"A",,"A",,"A"
"20143",2743065,12,0,"1","210","D",72,"D",.,"A",,"A",,"A",,"A",,"A",,"A",,"A",,"A",,"A",,"A"
"20143",2743265,2,0,"1",,"A",.,"A",40,"D",,"A",,"A",,"A",,"A",,"A",,"A",,"A",,"A",,"A"
"20143",2751044,2,0,"1","300","D",5,"D",.,"A",,"A",,"A",,"A",,"A",,"A",,"A",,"A",,"A",,"A"
"20143",2751304,4,0,"1","260","D",100,"D",450,"D",,"A",,"A",,"A",,"A",,"A",,"A",,"A",,"A",,"A"
"20143",2751564,6,0,"1","150","D",700,"D",.,"A",,"A",,"A",,"A",,"A",,"A",,"A",,"A",,"A",,"A"
"20143",2752214,3,0,"1","130","D",20,"D",.,"A",,"A",,"A",,"A",,"A",,"A",,"A",,"A",,"A",,"A"
"20143",2752394,10,0,"1","300","D",3800,"D",.,"A",,"A",,"A",,"A",,"A",,"A",,"A",,"A",,"A",,"A"
"20143",2753384,16,0,"1","210","D",600,"D",.,"A",,"A",,"A",,"A",,"A",,"A",,"A",,"A",,"A",,"A"
"20143",2753534,5,0,"1",,"A",.,"A",125,"D",,"A",,"A",,"A",,"A",,"A",,"A",,"A",,"A",,"A"
"20143",2753994,11,0,"1",,"A",.,"A",200,"D",,"A",,"A",,"A",,"A",,"A",,"A",,"A",,"A",,"A"
"20143",2754924,2,0,"1","150","D",520,"D",.,"A",,"A",,"A",,"A",,"A",,"A",,"A",,"A",,"A",,"A"
"20143",2755304,4,0,"1",,"A",.,"A",20,"D",,"A",,"A",,"A",,"A",,"A",,"A",,"A",,"A",,"A"
"20143",2756124,6,0,"1","175","D",30,"D",.,"A",,"A",,"A",,"A",,"A",,"A",,"A",,"A",,"A",,"A"
"20143",2757534,5,0,"1","175","D",60,"F",.,"A",,"A",,"A",,"A",,"A",,"A",,"A",,"A",,"A",,"A"
"20143",2757984,9,0,"1",,"A",.,"A",100,"D",,"A",,"A",,"A",,"A",,"A",,"A",,"A",,"A",,"A"
"20143",2758054,4,0,"1",,"A",.,"A",75,"D",,"A",,"A",,"A",,"A",,"A",,"A",,"A",,"A",,"A"
"20143",2760494,2,0,"1",,"A",.,"A",170,"D",,"A",,"A",,"A",,"A",,"A",,"A",,"A",,"A",,"A"
"20143",2760844,6,0,"1","175","D",100,"D",.,"A",,"A",,"A",,"A",,"A",,"A",,"A",,"A",,"A",,"A"
"20143",2761504,3,0,"1","235","D",350,"D",.,"A",,"A",,"A",,"A",,"A",,"A",,"A",,"A",,"A",,"A"
"20143",2761874,4,0,"1","150","D",80,"D",.,"A",,"A",,"A",,"A",,"A",,"A",,"A",,"A",,"A",,"A"
"20143",2762344,4,0,"1","235","D",35,"D",.,"A",,"A",,"A",,"A",,"A",,"A",,"A",,"A",,"A",,"A"
"20143",2763294,3,0,"1",,"A",.,"A",100,"D",,"A",,"A",,"A",,"A",,"A",,"A",,"A",,"A",,"A"
"20143",2767284,5,0,"1",,"A",.,"A",60,"D",,"A",,"A",,"A",,"A",,"A",,"A",,"A",,"A",,"A"
"20143",2769204,9,0,"1","175","D",35,"D",.,"A",,"A",,"A",,"A",,"A",,"A",,"A",,"A",,"A",,"A"
"20143",2769434,4,0,"1",,"A",.,"A",113,"D",,"A",,"A",,"A",,"A",,"A",,"A",,"A",,"A",,"A"
"20143",2769864,5,0,"1","175","D",35,"D",20,"D",,"A",,"A",,"A",,"A",,"A",,"A",,"A",,"A",,"A"
"20143",2770464,7,0,"1","175","D",78,"D",.,"A",,"A",,"A",,"A",,"A",,"A",,"A",,"A",,"A",,"A"
"20143",2770954,2,0,"1","300","D",47,"D",.,"A",,"A",,"A",,"A",,"A",,"A",,"A",,"A",,"A",,"A"
"20143",2774074,4,0,"1","235","D",700,"D",.,"A",,"A",,"A",,"A",,"A",,"A",,"A",,"A",,"A",,"A"
"20143",2774504,2,0,"1","235","D",1700,"D",.,"A",,"A",,"A",,"A",,"A",,"A",,"A",,"A",,"A",,"A"
"20143",2777534,9,0,"1","310","D",.,"H",.,"A","235","D","130","D",,"A",,"A",,"A",,"A",,"A",,"A",,"A"
"20143",2777534,9,1,"1","235","D",7666,"E",.,"A",,"A",,"A",,"A",,"A",,"A",,"A",,"A",,"A",,"A"
"20143",2777534,9,2,"1","130","D",98434,"U",.,"A",,"A",,"A",,"A",,"A",,"A",,"A",,"A",,"A",,"A"
"20143",2778424,5,0,"1",,"A",.,"A",25,"D",,"A",,"A",,"A",,"A",,"A",,"A",,"A",,"A",,"A"
"20143",2778554,7,0,"1","175","D",60,"D",.,"A",,"A",,"A",,"A",,"A",,"A",,"A",,"A",,"A",,"A"
"20143",2782523,1,0,"1","200","D",200,"D",.,"A",,"A",,"A",,"A",,"A",,"A",,"A",,"A",,"A",,"A"
"20143",2782773,3,0,"1","140","D",50,"D",.,"A",,"A",,"A",,"A",,"A",,"A",,"A",,"A",,"A",,"A"
"20143",2782893,14,0,"1","175","D",130,"D",.,"A",,"A",,"A",,"A",,"A",,"A",,"A",,"A",,"A",,"A"
"20143",2783053,8,0,"1","300","D",100,"D",.,"A",,"A",,"A",,"A",,"A",,"A",,"A",,"A",,"A",,"A"
"20143",2784013,4,0,"1","300","D",95,"D",.,"A",,"A",,"A",,"A",,"A",,"A",,"A",,"A",,"A",,"A"
"20143",2785303,8,0,"1","175","D",60,"D",.,"A",,"A",,"A",,"A",,"A",,"A",,"A",,"A",,"A",,"A"
"20143",2785703,12,0,"1",,"A",.,"A",495,"D",,"A",,"A",,"A",,"A",,"A",,"A",,"A",,"A",,"A"
"20143",2785713,6,0,"1",,"A",.,"A",150,"D",,"A",,"A",,"A",,"A",,"A",,"A",,"A",,"A",,"A"
"20143",2785903,3,0,"1",,"A",.,"A",25,"D",,"A",,"A",,"A",,"A",,"A",,"A",,"A",,"A",,"A"
"20143",2786163,4,0,"1",,"A",.,"A",400,"D",,"A",,"A",,"A",,"A",,"A",,"A",,"A",,"A",,"A"
"20143",2786263,5,0,"1","175","D",50,"D",.,"A",,"A",,"A",,"A",,"A",,"A",,"A",,"A",,"A",,"A"
"20143",2787953,10,0,"1","130","D",100,"D",.,"A",,"A",,"A",,"A",,"A",,"A",,"A",,"A",,"A",,"A"
"20143",2789073,2,0,"1",,"A",.,"A",25,"D",,"A",,"A",,"A",,"A",,"A",,"A",,"A",,"A",,"A"
"20143",2789773,20,0,"1","300","D",110,"D",.,"A",,"A",,"A",,"A",,"A",,"A",,"A",,"A",,"A",,"A"
"20143",2791513,8,0,"1",,"A",.,"A",110,"D",,"A",,"A",,"A",,"A",,"A",,"A",,"A",,"A",,"A"
"20143",2791883,2,0,"1",,"A",.,"A",110,"D",,"A",,"A",,"A",,"A",,"A",,"A",,"A",,"A",,"A"
"20143",2792643,15,0,"1","110","D",150,"D",.,"A",,"A",,"A",,"A",,"A",,"A",,"A",,"A",,"A",,"A"
"20143",2792813,10,0,"1",,"A",.,"A",23,"D",,"A",,"A",,"A",,"A",,"A",,"A",,"A",,"A",,"A"
"20143",2793143,23,0,"1",,"A",.,"A",200,"D",,"A",,"A",,"A",,"A",,"A",,"A",,"A",,"A",,"A"
"20143",2793513,3,0,"1","175","D",280,"D",.,"A",,"A",,"A",,"A",,"A",,"A",,"A",,"A",,"A",,"A"
"20143",2794153,23,0,"1","300","D",20,"D",.,"A",,"A",,"A",,"A",,"A",,"A",,"A",,"A",,"A",,"A"
"20143",2795443,1,0,"1","300","D",1200,"D",.,"A",,"A",,"A",,"A",,"A",,"A",,"A",,"A",,"A",,"A"
"20143",2796413,2,0,"1","300","D",30,"D",.,"A",,"A",,"A",,"A",,"A",,"A",,"A",,"A",,"A",,"A"
"20143",2797053,1,0,"1","220","D",100,"D",.,"A",,"A",,"A",,"A",,"A",,"A",,"A",,"A",,"A",,"A"
"20143",2799253,7,0,"1","175","D",30,"D",.,"A",,"A",,"A",,"A",,"A",,"A",,"A",,"A",,"A",,"A"
"20143",2800143,8,0,"1","300","D",200,"D",.,"A",,"A",,"A",,"A",,"A",,"A",,"A",,"A",,"A",,"A"
"20143",2800173,12,0,"1","175","D",42,"D",.,"A",,"A",,"A",,"A",,"A",,"A",,"A",,"A",,"A",,"A"
"20143",2800473,12,0,"1",,"A",.,"A",60,"D",,"A",,"A",,"A",,"A",,"A",,"A",,"A",,"A",,"A"
"20143",2802173,7,0,"1","210","D",100,"D",.,"A",,"A",,"A",,"A",,"A",,"A",,"A",,"A",,"A",,"A"
"20143",2804773,13,0,"1","130","D",1000,"D",.,"A",,"A",,"A",,"A",,"A",,"A",,"A",,"A",,"A",,"A"
"20143",2805493,4,0,"1",,"A",.,"A",100,"D",,"A",,"A",,"A",,"A",,"A",,"A",,"A",,"A",,"A"
"20143",2805643,6,0,"1",,"A",.,"A",25,"D",,"A",,"A",,"A",,"A",,"A",,"A",,"A",,"A",,"A"
"20143",2806133,6,0,"1",,"A",.,"A",100,"D",,"A",,"A",,"A",,"A",,"A",,"A",,"A",,"A",,"A"
"20143",2806153,10,0,"1",,"A",.,"A",600,"D",,"A",,"A",,"A",,"A",,"A",,"A",,"A",,"A",,"A"
"20143",2806813,6,0,"1",,"A",.,"A",35,"D",,"A",,"A",,"A",,"A",,"A",,"A",,"A",,"A",,"A"
"20143",2807123,14,0,"1","235","D",98,"D",.,"A",,"A",,"A",,"A",,"A",,"A",,"A",,"A",,"A",,"A"
"20143",2807513,2,0,"1","175","D",100,"D",.,"A",,"A",,"A",,"A",,"A",,"A",,"A",,"A",,"A",,"A"
"20143",2808733,4,0,"1","175","D",6,"D",.,"A",,"A",,"A",,"A",,"A",,"A",,"A",,"A",,"A",,"A"
"20143",2809113,8,0,"1",,"A",.,"A",227,"D",,"A",,"A",,"A",,"A",,"A",,"A",,"A",,"A",,"A"
"20143",2810173,5,0,"1","140","D",500,"D",.,"A",,"A",,"A",,"A",,"A",,"A",,"A",,"A",,"A",,"A"
"20143",2811544,11,0,"1",,"A",.,"A",2,"D",,"A",,"A",,"A",,"A",,"A",,"A",,"A",,"A",,"A"
"20143",2811973,7,0,"1",,"A",.,"A",509,"D",,"A",,"A",,"A",,"A",,"A",,"A",,"A",,"A",,"A"
"20143",2813033,6,0,"1",,"A",.,"A",20,"D",,"A",,"A",,"A",,"A",,"A",,"A",,"A",,"A",,"A"
"20143",2814023,10,0,"1","130","D",150,"D",.,"A",,"A",,"A",,"A",,"A",,"A",,"A",,"A",,"A",,"A"
"20143",2814392,4,0,"1","260","D",260,"D",.,"A",,"A",,"A",,"A",,"A",,"A",,"A",,"A",,"A",,"A"
"20143",2814842,3,0,"1","160","D",700,"D",140,"D",,"A",,"A",,"A",,"A",,"A",,"A",,"A",,"A",,"A"
"20143",2817202,13,0,"1","175","D",240,"D",.,"A",,"A",,"A",,"A",,"A",,"A",,"A",,"A",,"A",,"A"
"20143",2817502,7,0,"1","300","D",500,"D",.,"A",,"A",,"A",,"A",,"A",,"A",,"A",,"A",,"A",,"A"
"20143",2817742,5,0,"1","130","D",2300,"D",.,"A",,"A",,"A",,"A",,"A",,"A",,"A",,"A",,"A",,"A"
"20143",2817852,6,0,"1","130","D",50,"D",.,"A",,"A",,"A",,"A",,"A",,"A",,"A",,"A",,"A",,"A"
"20143",2818002,3,0,"1","235","D",600,"D",.,"A",,"A",,"A",,"A",,"A",,"A",,"A",,"A",,"A",,"A"
"20143",2818342,6,0,"1","210","D",2300,"D",.,"A",,"A",,"A",,"A",,"A",,"A",,"A",,"A",,"A",,"A"
"20143",2818792,4,0,"1","175","D",300,"D",.,"A",,"A",,"A",,"A",,"A",,"A",,"A",,"A",,"A",,"A"
"20143",2819702,7,0,"1",,"A",.,"A",80,"D",,"A",,"A",,"A",,"A",,"A",,"A",,"A",,"A",,"A"
"20143",2819742,4,0,"1",,"A",.,"A",265,"D",,"A",,"A",,"A",,"A",,"A",,"A",,"A",,"A",,"A"
"20143",2820422,3,0,"1","175","D",15,"D",.,"A",,"A",,"A",,"A",,"A",,"A",,"A",,"A",,"A",,"A"
"20143",2821112,7,0,"1","140","D",500,"D",.,"A",,"A",,"A",,"A",,"A",,"A",,"A",,"A",,"A",,"A"
"20143",2821912,2,0,"1","175","D",55,"D",.,"A",,"A",,"A",,"A",,"A",,"A",,"A",,"A",,"A",,"A"
"20143",2822542,8,0,"1",,"A",.,"A",75,"D",,"A",,"A",,"A",,"A",,"A",,"A",,"A",,"A",,"A"
"20143",2822732,18,0,"1",,"A",.,"A",150,"D",,"A",,"A",,"A",,"A",,"A",,"A",,"A",,"A",,"A"
"20143",2823392,2,0,"1","235","D",25,"D",.,"A",,"A",,"A",,"A",,"A",,"A",,"A",,"A",,"A",,"A"
"20143",2823952,4,0,"1","130","D",500,"D",.,"A",,"A",,"A",,"A",,"A",,"A",,"A",,"A",,"A",,"A"
"20143",2824472,12,0,"1",,"A",.,"A",105,"D",,"A",,"A",,"A",,"A",,"A",,"A",,"A",,"A",,"A"
"20143",2824642,5,0,"1",,"A",.,"A",100,"D",,"A",,"A",,"A",,"A",,"A",,"A",,"A",,"A",,"A"
"20143",2825182,10,0,"1","175","D",76,"D",.,"A",,"A",,"A",,"A",,"A",,"A",,"A",,"A",,"A",,"A"
"20143",2836322,2,0,"1","140","D",289,"D",.,"A",,"A",,"A",,"A",,"A",,"A",,"A",,"A",,"A",,"A"
"20143",2836972,1,0,"1","160","D",180,"D",.,"A",,"A",,"A",,"A",,"A",,"A",,"A",,"A",,"A",,"A"
"20143",2837212,14,0,"1","175","D",50,"D",.,"A",,"A",,"A",,"A",,"A",,"A",,"A",,"A",,"A",,"A"
"20143",2837222,5,0,"1",,"A",.,"A",50,"D",,"A",,"A",,"A",,"A",,"A",,"A",,"A",,"A",,"A"
"20143",2837722,1,0,"1",,"A",.,"A",400,"D",,"A",,"A",,"A",,"A",,"A",,"A",,"A",,"A",,"A"
"20143",2837932,8,0,"1",,"A",.,"A",200,"D",,"A",,"A",,"A",,"A",,"A",,"A",,"A",,"A",,"A"
"20143",2838092,4,0,"1","175","D",100,"D",.,"A",,"A",,"A",,"A",,"A",,"A",,"A",,"A",,"A",,"A"
"20143",2838172,9,0,"1",,"A",.,"A",179,"D",,"A",,"A",,"A",,"A",,"A",,"A",,"A",,"A",,"A"
"20143",2838902,5,0,"1","280","D",40,"D",.,"A",,"A",,"A",,"A",,"A",,"A",,"A",,"A",,"A",,"A"
"20143",2839642,2,0,"1","235","D",200,"D",.,"A",,"A",,"A",,"A",,"A",,"A",,"A",,"A",,"A",,"A"
"20143",2841582,9,0,"1","160","D",650,"D",.,"A",,"A",,"A",,"A",,"A",,"A",,"A",,"A",,"A",,"A"
"20143",2841962,5,0,"1",,"A",.,"A",41,"D",,"A",,"A",,"A",,"A",,"A",,"A",,"A",,"A",,"A"
"20143",2842512,4,0,"1","160","D",48,"D",.,"A",,"A",,"A",,"A",,"A",,"A",,"A",,"A",,"A",,"A"
"20143",2842822,7,0,"1",,"A",.,"A",400,"D",,"A",,"A",,"A",,"A",,"A",,"A",,"A",,"A",,"A"
"20143",2843942,17,0,"1","175","D",493,"D",.,"A",,"A",,"A",,"A",,"A",,"A",,"A",,"A",,"A",,"A"
"20143",2845602,15,0,"1","300","D",125,"D",.,"A",,"A",,"A",,"A",,"A",,"A",,"A",,"A",,"A",,"A"
"20143",2846072,11,0,"1","175","D",42,"D",.,"A",,"A",,"A",,"A",,"A",,"A",,"A",,"A",,"A",,"A"
"20143",2846292,8,0,"1","140","D",30,"D",.,"A",,"A",,"A",,"A",,"A",,"A",,"A",,"A",,"A",,"A"
"20143",2846792,4,0,"1",,"A",.,"A",85,"D",,"A",,"A",,"A",,"A",,"A",,"A",,"A",,"A",,"A"
"20143",2847132,21,0,"1",,"A",.,"A",8,"D",,"A",,"A",,"A",,"A",,"A",,"A",,"A",,"A",,"A"
"20143",2869583,15,0,"1","175","D",150,"D",.,"A",,"A",,"A",,"A",,"A",,"A",,"A",,"A",,"A",,"A"
"20143",2871002,4,0,"1","140","D",1300,"D",.,"A",,"A",,"A",,"A",,"A",,"A",,"A",,"A",,"A",,"A"
"20143",2871352,10,0,"1","130","D",1264,"D",.,"A",,"A",,"A",,"A",,"A",,"A",,"A",,"A",,"A",,"A"
"20143",2872742,5,0,"1",,"A",.,"A",100,"D",,"A",,"A",,"A",,"A",,"A",,"A",,"A",,"A",,"A"
"20143",2873282,6,0,"1",,"A",.,"A",40,"D",,"A",,"A",,"A",,"A",,"A",,"A",,"A",,"A",,"A"
"20143",2874572,4,0,"1","300","D",200,"D",.,"A",,"A",,"A",,"A",,"A",,"A",,"A",,"A",,"A",,"A"
"20143",2876162,15,0,"1",,"A",.,"A",90,"D",,"A",,"A",,"A",,"A",,"A",,"A",,"A",,"A",,"A"
"20143",2876622,2,0,"1","300","D",20,"D",.,"A",,"A",,"A",,"A",,"A",,"A",,"A",,"A",,"A",,"A"
"20143",2876742,4,0,"1",,"A",.,"A",340,"D",,"A",,"A",,"A",,"A",,"A",,"A",,"A",,"A",,"A"
"20143",2877062,21,0,"1","140","D",340,"D",.,"A",,"A",,"A",,"A",,"A",,"A",,"A",,"A",,"A",,"A"
"20143",2877412,20,0,"1","235","D",900,"D",.,"A",,"A",,"A",,"A",,"A",,"A",,"A",,"A",,"A",,"A"
"20143",2878364,4,0,"1",,"A",.,"A",45,"D",,"A",,"A",,"A",,"A",,"A",,"A",,"A",,"A",,"A"
"20143",2901363,15,0,"1",,"A",.,"A",20,"D",,"A",,"A",,"A",,"A",,"A",,"A",,"A",,"A",,"A"
"20143",2902764,22,0,"1","300","D",100,"D",.,"A",,"A",,"A",,"A",,"A",,"A",,"A",,"A",,"A",,"A"
"20143",2902983,4,0,"1","140","D",10,"D",.,"A",,"A",,"A",,"A",,"A",,"A",,"A",,"A",,"A",,"A"
"20143",2906893,11,0,"1",,"A",.,"A",250,"D",,"A",,"A",,"A",,"A",,"A",,"A",,"A",,"A",,"A"
"20143",2911232,2,0,"1",,"A",.,"A",29,"D",,"A",,"A",,"A",,"A",,"A",,"A",,"A",,"A",,"A"
"20143",2925034,17,0,"1",,"A",.,"A",50,"D",,"A",,"A",,"A",,"A",,"A",,"A",,"A",,"A",,"A"
"20143",2933702,10,0,"1",,"A",.,"A",100,"D",,"A",,"A",,"A",,"A",,"A",,"A",,"A",,"A",,"A"
"20143",2945012,1,0,"1",,"A",.,"A",1000,"D",,"A",,"A",,"A",,"A",,"A",,"A",,"A",,"A",,"A"
"20144",2747945,2,0,"1","175","D",100,"D",.,"A",,"A",,"A",,"A",,"A",,"A",,"A",,"A",,"A",,"A"
"20144",2748495,5,0,"1","280","D",2500,"D",.,"A",,"A",,"A",,"A",,"A",,"A",,"A",,"A",,"A",,"A"
"20144",2750175,3,0,"1","130","D",204,"D",.,"A",,"A",,"A",,"A",,"A",,"A",,"A",,"A",,"A",,"A"
"20144",2750265,4,0,"1","175","D",46,"D",.,"A",,"A",,"A",,"A",,"A",,"A",,"A",,"A",,"A",,"A"
"20144",2753075,8,0,"1",,"A",.,"A",40,"D",,"A",,"A",,"A",,"A",,"A",,"A",,"A",,"A",,"A"
"20144",2755905,2,2,"1","175","D",3,"E",.,"A",,"A",,"A",,"A",,"A",,"A",,"A",,"A",,"A",,"A"
"20144",2755905,2,1,"1","300","D",77,"E",.,"A",,"A",,"A",,"A",,"A",,"A",,"A",,"A",,"A",,"A"
"20144",2755905,2,0,"1","310","D",.,"H",.,"A","300","D","175","D",,"A",,"A",,"A",,"A",,"A",,"A",,"A"
"20144",2756865,9,0,"1","175","D",30,"D",.,"A",,"A",,"A",,"A",,"A",,"A",,"A",,"A",,"A",,"A"
"20144",2757805,7,0,"1",,"A",.,"A",10,"D",,"A",,"A",,"A",,"A",,"A",,"A",,"A",,"A",,"A"
"20144",2757845,16,0,"1","300","D",20,"D",.,"A",,"A",,"A",,"A",,"A",,"A",,"A",,"A",,"A",,"A"
"20144",2757985,13,0,"1",,"A",.,"A",500,"D",,"A",,"A",,"A",,"A",,"A",,"A",,"A",,"A",,"A"
"20144",2757995,2,0,"1",,"A",.,"A",3000,"D",,"A",,"A",,"A",,"A",,"A",,"A",,"A",,"A",,"A"
"20144",2760495,1,0,"1",,"A",.,"A",20,"D",,"A",,"A",,"A",,"A",,"A",,"A",,"A",,"A",,"A"
"20144",2761845,4,0,"1","235","D",20,"D",.,"A",,"A",,"A",,"A",,"A",,"A",,"A",,"A",,"A",,"A"
"20144",2762625,5,0,"1",,"A",.,"A",11,"D",,"A",,"A",,"A",,"A",,"A",,"A",,"A",,"A",,"A"
"20144",2764005,4,0,"1","130","D",4260,"D",300,"D",,"A",,"A",,"A",,"A",,"A",,"A",,"A",,"A",,"A"
"20144",2764035,11,0,"1",,"A",.,"A",914,"D",,"A",,"A",,"A",,"A",,"A",,"A",,"A",,"A",,"A"
"20144",2765425,2,0,"1",,"A",.,"A",10,"D",,"A",,"A",,"A",,"A",,"A",,"A",,"A",,"A",,"A"
"20144",2765565,5,0,"1",,"A",.,"A",100,"D",,"A",,"A",,"A",,"A",,"A",,"A",,"A",,"A",,"A"
"20144",2766955,6,0,"1",,"A",.,"A",100,"D",,"A",,"A",,"A",,"A",,"A",,"A",,"A",,"A",,"A"
"20144",2769865,7,0,"1","175","D",75,"D",.,"A",,"A",,"A",,"A",,"A",,"A",,"A",,"A",,"A",,"A"
"20144",2770565,6,0,"1","300","D",1749,"D",.,"A",,"A",,"A",,"A",,"A",,"A",,"A",,"A",,"A",,"A"
"20144",2770795,22,0,"1","300","D",2000,"D",.,"A",,"A",,"A",,"A",,"A",,"A",,"A",,"A",,"A",,"A"
"20144",2775185,4,0,"1",,"A",.,"A",100,"D",,"A",,"A",,"A",,"A",,"A",,"A",,"A",,"A",,"A"
"20144",2775245,9,0,"1","210","D",50,"D",.,"A",,"A",,"A",,"A",,"A",,"A",,"A",,"A",,"A",,"A"
"20144",2778915,3,0,"1","175","D",200,"D",.,"A",,"A",,"A",,"A",,"A",,"A",,"A",,"A",,"A",,"A"
"20144",2781584,4,0,"1",,"A",.,"A",27,"D",,"A",,"A",,"A",,"A",,"A",,"A",,"A",,"A",,"A"
"20144",2782894,9,0,"1","160","D",150,"D",.,"A",,"A",,"A",,"A",,"A",,"A",,"A",,"A",,"A",,"A"
"20144",2784774,12,0,"1",,"A",.,"A",600,"D",,"A",,"A",,"A",,"A",,"A",,"A",,"A",,"A",,"A"
"20144",2785624,2,0,"1","200","D",65,"D",.,"A",,"A",,"A",,"A",,"A",,"A",,"A",,"A",,"A",,"A"
"20144",2785684,13,0,"1",,"A",.,"A",21,"D",,"A",,"A",,"A",,"A",,"A",,"A",,"A",,"A",,"A"
"20144",2787644,3,0,"1","300","D",89,"D",.,"A",,"A",,"A",,"A",,"A",,"A",,"A",,"A",,"A",,"A"
"20144",2789074,5,0,"1",,"A",.,"A",30,"D",,"A",,"A",,"A",,"A",,"A",,"A",,"A",,"A",,"A"
"20144",2789154,6,0,"1","300","D",38,"D",18,"D",,"A",,"A",,"A",,"A",,"A",,"A",,"A",,"A",,"A"
"20144",2790704,11,0,"1","260","D",400,"D",.,"A",,"A",,"A",,"A",,"A",,"A",,"A",,"A",,"A",,"A"
"20144",2790934,13,0,"1","300","D",72,"D",.,"A",,"A",,"A",,"A",,"A",,"A",,"A",,"A",,"A",,"A"
"20144",2792154,1,0,"1","175","D",300,"D",.,"A",,"A",,"A",,"A",,"A",,"A",,"A",,"A",,"A",,"A"
"20144",2792424,4,0,"1","300","D",30,"D",.,"A",,"A",,"A",,"A",,"A",,"A",,"A",,"A",,"A",,"A"
"20144",2792524,8,0,"1","200","D",1200,"D",18,"D",,"A",,"A",,"A",,"A",,"A",,"A",,"A",,"A",,"A"
"20144",2792844,14,0,"1",,"A",.,"A",180,"D",,"A",,"A",,"A",,"A",,"A",,"A",,"A",,"A",,"A"
"20144",2793014,5,0,"1","300","D",556,"F",.,"A",,"A",,"A",,"A",,"A",,"A",,"A",,"A",,"A",,"A"
"20144",2794674,10,0,"1","300","D",45,"D",.,"A",,"A",,"A",,"A",,"A",,"A",,"A",,"A",,"A",,"A"
"20144",2794944,3,0,"1",,"A",.,"A",45,"D",,"A",,"A",,"A",,"A",,"A",,"A",,"A",,"A",,"A"
"20144",2795244,5,0,"1",,"A",.,"A",147,"D",,"A",,"A",,"A",,"A",,"A",,"A",,"A",,"A",,"A"
"20144",2795624,2,0,"1",,"A",.,"A",37,"D",,"A",,"A",,"A",,"A",,"A",,"A",,"A",,"A",,"A"
"20144",2796774,7,0,"1","235","D",350,"D",.,"A",,"A",,"A",,"A",,"A",,"A",,"A",,"A",,"A",,"A"
"20144",2797564,8,0,"1","270","D",50,"D",.,"A",,"A",,"A",,"A",,"A",,"A",,"A",,"A",,"A",,"A"
"20144",2799194,8,0,"1","240","D",68,"D",.,"A",,"A",,"A",,"A",,"A",,"A",,"A",,"A",,"A",,"A"
"20144",2800384,15,0,"1","300","D",185,"D",.,"A",,"A",,"A",,"A",,"A",,"A",,"A",,"A",,"A",,"A"
"20144",2800594,1,0,"1","175","D",6,"D",.,"A",,"A",,"A",,"A",,"A",,"A",,"A",,"A",,"A",,"A"
"20144",2801504,3,0,"1","175","D",350,"D",.,"A",,"A",,"A",,"A",,"A",,"A",,"A",,"A",,"A",,"A"
"20144",2801844,9,0,"1","150","D",20,"D",.,"A",,"A",,"A",,"A",,"A",,"A",,"A",,"A",,"A",,"A"
"20144",2804534,12,0,"1","175","D",40,"D",.,"A",,"A",,"A",,"A",,"A",,"A",,"A",,"A",,"A",,"A"
"20144",2805344,38,0,"1","300","D",300,"D",.,"A",,"A",,"A",,"A",,"A",,"A",,"A",,"A",,"A",,"A"
"20144",2806134,2,0,"1",,"A",.,"A",600,"D",,"A",,"A",,"A",,"A",,"A",,"A",,"A",,"A",,"A"
"20144",2806814,13,2,"1","175","D",14,"E",.,"A",,"A",,"A",,"A",,"A",,"A",,"A",,"A",,"A",,"A"
"20144",2806814,13,1,"1","300","D",51,"E",.,"A",,"A",,"A",,"A",,"A",,"A",,"A",,"A",,"A",,"A"
"20144",2806814,13,0,"1","310","D",.,"H",.,"A","300","D","175","D",,"A",,"A",,"A",,"A",,"A",,"A",,"A"
"20144",2809114,12,0,"1",,"A",.,"A",120,"D",,"A",,"A",,"A",,"A",,"A",,"A",,"A",,"A",,"A"
"20144",2810134,13,0,"1","130","D",1500,"D",.,"A",,"A",,"A",,"A",,"A",,"A",,"A",,"A",,"A",,"A"
"20144",2810644,5,0,"1",,"A",.,"A",160,"D",,"A",,"A",,"A",,"A",,"A",,"A",,"A",,"A",,"A"
"20144",2810944,8,1,"1","200","D",160,"E",.,"A",,"A",,"A",,"A",,"A",,"A",,"A",,"A",,"A",,"A"
"20144",2810944,8,0,"1","310","D",.,"H",.,"A","210","D","200","D",,"A",,"A",,"A",,"A",,"A",,"A",,"A"
"20144",2812064,9,0,"1",,"A",.,"A",300,"D",,"A",,"A",,"A",,"A",,"A",,"A",,"A",,"A",,"A"
"20144",2813034,5,0,"1",,"A",.,"A",20,"D",,"A",,"A",,"A",,"A",,"A",,"A",,"A",,"A",,"A"
"20144",2814843,8,0,"1","300","D",300,"D",250,"D",,"A",,"A",,"A",,"A",,"A",,"A",,"A",,"A",,"A"
"20144",2815583,3,0,"1","300","D",5000,"D",.,"A",,"A",,"A",,"A",,"A",,"A",,"A",,"A",,"A",,"A"
"20144",2816323,21,0,"1","300","D",40,"D",.,"A",,"A",,"A",,"A",,"A",,"A",,"A",,"A",,"A",,"A"
"20144",2817883,6,0,"1","300","D",3000,"D",.,"A",,"A",,"A",,"A",,"A",,"A",,"A",,"A",,"A",,"A"
"20144",2819073,5,0,"1",,"A",.,"A",400,"D",,"A",,"A",,"A",,"A",,"A",,"A",,"A",,"A",,"A"
"20144",2819903,5,0,"1","130","D",1300,"D",.,"A",,"A",,"A",,"A",,"A",,"A",,"A",,"A",,"A",,"A"
"20144",2821913,4,0,"1","175","D",50,"D",.,"A",,"A",,"A",,"A",,"A",,"A",,"A",,"A",,"A",,"A"
"20144",2823393,2,0,"1","160","D",64,"D",.,"A",,"A",,"A",,"A",,"A",,"A",,"A",,"A",,"A",,"A"
"20144",2823623,2,0,"1","175","D",10,"D",.,"A",,"A",,"A",,"A",,"A",,"A",,"A",,"A",,"A",,"A"
"20144",2823823,17,0,"1","300","D",62,"D",.,"A",,"A",,"A",,"A",,"A",,"A",,"A",,"A",,"A",,"A"
"20144",2824723,6,0,"1","235","D",100,"D",.,"A",,"A",,"A",,"A",,"A",,"A",,"A",,"A",,"A",,"A"
"20144",2836323,1,0,"1","300","D",67,"D",.,"A",,"A",,"A",,"A",,"A",,"A",,"A",,"A",,"A",,"A"
"20144",2836973,4,0,"1","160","D",220,"D",.,"A",,"A",,"A",,"A",,"A",,"A",,"A",,"A",,"A",,"A"
"20144",2837153,3,0,"1","175","D",50,"D",.,"A",,"A",,"A",,"A",,"A",,"A",,"A",,"A",,"A",,"A"
"20144",2837933,19,0,"1",,"A",.,"A",200,"D",,"A",,"A",,"A",,"A",,"A",,"A",,"A",,"A",,"A"
"20144",2839553,3,0,"1","130","D",550,"D",.,"A",,"A",,"A",,"A",,"A",,"A",,"A",,"A",,"A",,"A"
"20144",2840713,2,0,"1",,"A",.,"A",10,"D",,"A",,"A",,"A",,"A",,"A",,"A",,"A",,"A",,"A"
"20144",2841423,7,0,"1",,"A",.,"A",15,"D",,"A",,"A",,"A",,"A",,"A",,"A",,"A",,"A",,"A"
"20144",2842823,2,0,"1",,"A",.,"A",350,"D",,"A",,"A",,"A",,"A",,"A",,"A",,"A",,"A",,"A"
"20144",2845193,12,0,"1","130","D",406,"D",.,"A",,"A",,"A",,"A",,"A",,"A",,"A",,"A",,"A",,"A"
"20144",2846033,8,0,"1",,"A",.,"A",16,"D",,"A",,"A",,"A",,"A",,"A",,"A",,"A",,"A",,"A"
"20144",2846353,4,0,"1","300","D",40,"D",.,"A",,"A",,"A",,"A",,"A",,"A",,"A",,"A",,"A",,"A"
"20144",2847133,12,0,"1",,"A",.,"A",5,"D",,"A",,"A",,"A",,"A",,"A",,"A",,"A",,"A",,"A"
"20144",2870563,4,0,"1","175","D",50,"D",.,"A",,"A",,"A",,"A",,"A",,"A",,"A",,"A",,"A",,"A"
"20144",2871373,3,0,"1","175","D",60,"D",.,"A",,"A",,"A",,"A",,"A",,"A",,"A",,"A",,"A",,"A"
"20144",2872383,6,0,"1",,"A",.,"A",15,"D",,"A",,"A",,"A",,"A",,"A",,"A",,"A",,"A",,"A"
"20144",2873093,6,0,"1","140","D",180,"D",.,"A",,"A",,"A",,"A",,"A",,"A",,"A",,"A",,"A",,"A"
"20144",2873283,3,0,"1",,"A",.,"A",20,"D",,"A",,"A",,"A",,"A",,"A",,"A",,"A",,"A",,"A"
"20144",2873733,9,0,"1",,"A",.,"A",63,"D",,"A",,"A",,"A",,"A",,"A",,"A",,"A",,"A",,"A"
"20144",2874013,1,0,"1",,"A",.,"A",81,"D",,"A",,"A",,"A",,"A",,"A",,"A",,"A",,"A",,"A"
"20144",2875453,16,0,"1","300","D",150,"D",.,"A",,"A",,"A",,"A",,"A",,"A",,"A",,"A",,"A",,"A"
"20144",2876193,6,0,"1",,"A",.,"A",30,"D",,"A",,"A",,"A",,"A",,"A",,"A",,"A",,"A",,"A"
"20144",2876395,10,0,"1","300","D",115,"D",.,"A",,"A",,"A",,"A",,"A",,"A",,"A",,"A",,"A",,"A"
"20144",2876823,16,0,"1","210","D",127,"D",.,"A",,"A",,"A",,"A",,"A",,"A",,"A",,"A",,"A",,"A"
"20144",2877413,12,0,"1","240","D",250,"D",40,"D",,"A",,"A",,"A",,"A",,"A",,"A",,"A",,"A",,"A"
"20144",2877613,4,0,"1",,"A",.,"A",25,"D",,"A",,"A",,"A",,"A",,"A",,"A",,"A",,"A",,"A"
"20144",2900832,12,0,"1",,"A",.,"A",800,"D",,"A",,"A",,"A",,"A",,"A",,"A",,"A",,"A",,"A"
"20144",2901034,3,0,"1",,"A",.,"A",400,"D",,"A",,"A",,"A",,"A",,"A",,"A",,"A",,"A",,"A"
"20144",2902012,14,0,"1","140","D",150,"D",.,"A",,"A",,"A",,"A",,"A",,"A",,"A",,"A",,"A",,"A"
"20144",2902462,3,0,"1","300","D",12,"D",.,"A",,"A",,"A",,"A",,"A",,"A",,"A",,"A",,"A",,"A"
"20144",2903642,13,0,"1",,"A",.,"A",33,"D",,"A",,"A",,"A",,"A",,"A",,"A",,"A",,"A",,"A"
"20144",2904122,1,0,"1","300","D",1000,"D",.,"A",,"A",,"A",,"A",,"A",,"A",,"A",,"A",,"A",,"A"
"20144",2904402,20,0,"1","260","D",3000,"D",.,"A",,"A",,"A",,"A",,"A",,"A",,"A",,"A",,"A",,"A"
"20144",2906802,3,0,"1","175","D",160,"D",70,"D",,"A",,"A",,"A",,"A",,"A",,"A",,"A",,"A",,"A"
"20144",2906894,18,0,"1",,"A",.,"A",100,"D",,"A",,"A",,"A",,"A",,"A",,"A",,"A",,"A",,"A"
"20144",2910562,5,0,"1",,"A",.,"A",330,"D",,"A",,"A",,"A",,"A",,"A",,"A",,"A",,"A",,"A"
"20144",2910632,13,0,"1",,"A",.,"A",60,"D",,"A",,"A",,"A",,"A",,"A",,"A",,"A",,"A",,"A"
"20144",2910812,9,0,"1",,"A",.,"A",150,"D",,"A",,"A",,"A",,"A",,"A",,"A",,"A",,"A",,"A"
"20144",2910832,13,0,"1",,"A",.,"A",51,"D",,"A",,"A",,"A",,"A",,"A",,"A",,"A",,"A",,"A"
"20144",2910872,18,0,"1","130","D",130,"D",.,"A",,"A",,"A",,"A",,"A",,"A",,"A",,"A",,"A",,"A"
"20144",2911162,10,0,"1","130","D",75,"D",.,"A",,"A",,"A",,"A",,"A",,"A",,"A",,"A",,"A",,"A"
"20144",2923802,19,0,"1","300","D",150,"D",.,"A",,"A",,"A",,"A",,"A",,"A",,"A",,"A",,"A",,"A"
"20144",2926762,2,0,"1",,"A",.,"A",15,"D",,"A",,"A",,"A",,"A",,"A",,"A",,"A",,"A",,"A"
"20144",2926832,11,1,"1","175","D",212,"E",.,"A",,"A",,"A",,"A",,"A",,"A",,"A",,"A",,"A",,"A"
"20144",2926832,11,0,"1","310","D",.,"H",.,"A","200","D","175","D",,"A",,"A",,"A",,"A",,"A",,"A",,"A"
"20144",2927982,11,0,"1","175","D",200,"D",.,"A",,"A",,"A",,"A",,"A",,"A",,"A",,"A",,"A",,"A"
"20144",2930072,7,0,"1",,"A",.,"A",97,"D",,"A",,"A",,"A",,"A",,"A",,"A",,"A",,"A",,"A"
"20144",2931072,1,0,"1",,"A",.,"A",120,"D",,"A",,"A",,"A",,"A",,"A",,"A",,"A",,"A",,"A"
"20144",2931142,3,0,"1","300","D",30,"D",.,"A",,"A",,"A",,"A",,"A",,"A",,"A",,"A",,"A",,"A"
"20144",2931642,16,0,"1","300","D",68,"D",.,"A",,"A",,"A",,"A",,"A",,"A",,"A",,"A",,"A",,"A"
"20144",2932142,4,0,"1","235","D",300,"D",.,"A",,"A",,"A",,"A",,"A",,"A",,"A",,"A",,"A",,"A"
"20144",2932482,7,0,"1","210","D",40,"D",.,"A",,"A",,"A",,"A",,"A",,"A",,"A",,"A",,"A",,"A"
"20144",2945392,12,0,"1",,"A",.,"A",20,"D",,"A",,"A",,"A",,"A",,"A",,"A",,"A",,"A",,"A"
"20144",2945592,18,0,"1","300","D",400,"D",.,"A",,"A",,"A",,"A",,"A",,"A",,"A",,"A",,"A",,"A"
"20144",2948352,2,0,"1",,"A",.,"A",500,"D",,"A",,"A",,"A",,"A",,"A",,"A",,"A",,"A",,"A"
"20144",2948382,1,0,"1","175","D",70,"D",100,"D",,"A",,"A",,"A",,"A",,"A",,"A",,"A",,"A",,"A"
"20144",2948812,7,0,"1",,"A",.,"A",200,"D",,"A",,"A",,"A",,"A",,"A",,"A",,"A",,"A",,"A"
"20144",2949852,10,0,"1",,"A",.,"A",50,"D",,"A",,"A",,"A",,"A",,"A",,"A",,"A",,"A",,"A"
"20144",2950812,21,0,"1","130","D",2011,"D",14,"D",,"A",,"A",,"A",,"A",,"A",,"A",,"A",,"A",,"A"
"20144",2951072,3,0,"1","130","D",50,"D",.,"A",,"A",,"A",,"A",,"A",,"A",,"A",,"A",,"A",,"A"
"20144",2952332,1,0,"1","300","D",1500,"D",.,"A",,"A",,"A",,"A",,"A",,"A",,"A",,"A",,"A",,"A"
"20144",2952952,4,0,"1",,"A",.,"A",80,"D",,"A",,"A",,"A",,"A",,"A",,"A",,"A",,"A",,"A"
"20144",2953132,4,0,"1","130","D",40,"D",.,"A",,"A",,"A",,"A",,"A",,"A",,"A",,"A",,"A",,"A"
"20144",2953222,4,0,"1",,"A",.,"A",130,"D",,"A",,"A",,"A",,"A",,"A",,"A",,"A",,"A",,"A"
"20144",2953552,20,0,"1","300","D",50,"D",.,"A",,"A",,"A",,"A",,"A",,"A",,"A",,"A",,"A",,"A"
"20144",2954922,8,0,"1","175","D",160,"D",.,"A",,"A",,"A",,"A",,"A",,"A",,"A",,"A",,"A",,"A"
"20144",2969565,14,0,"1",,"A",.,"A",18,"D",,"A",,"A",,"A",,"A",,"A",,"A",,"A",,"A",,"A"
"20144",2972553,2,0,"1",,"A",.,"A",25,"D",,"A",,"A",,"A",,"A",,"A",,"A",,"A",,"A",,"A"
"20144",2973773,13,0,"1",,"A",.,"A",30,"D",,"A",,"A",,"A",,"A",,"A",,"A",,"A",,"A",,"A"
"20144",2975063,7,0,"1",,"A",.,"A",45,"D",,"A",,"A",,"A",,"A",,"A",,"A",,"A",,"A",,"A"
"20144",2978423,3,0,"1",,"A",.,"A",10,"D",,"A",,"A",,"A",,"A",,"A",,"A",,"A",,"A",,"A"
"20144",2988892,3,0,"1","110","D",200,"D",.,"A",,"A",,"A",,"A",,"A",,"A",,"A",,"A",,"A",,"A"
"20144",2990675,8,0,"1","300","D",150,"D",.,"A",,"A",,"A",,"A",,"A",,"A",,"A",,"A",,"A",,"A"
"20144",2997774,5,0,"1","300","D",250,"D",.,"A",,"A",,"A",,"A",,"A",,"A",,"A",,"A",,"A",,"A"
"20144",3004674,6,0,"1","300","D",1300,"D",.,"A",,"A",,"A",,"A",,"A",,"A",,"A",,"A",,"A",,"A"
"20151",2781525,9,0,"1",,"A",.,"A",50,"D",,"A",,"A",,"A",,"A",,"A",,"A",,"A",,"A",,"A"
"20151",2782025,10,0,"1",,"A",.,"A",35,"D",,"A",,"A",,"A",,"A",,"A",,"A",,"A",,"A",,"A"
"20151",2785905,7,0,"1",,"A",.,"A",20,"D",,"A",,"A",,"A",,"A",,"A",,"A",,"A",,"A",,"A"
"20151",2788125,8,0,"1","130","D",30,"D",.,"A",,"A",,"A",,"A",,"A",,"A",,"A",,"A",,"A",,"A"
"20151",2789075,3,0,"1",,"A",.,"A",50,"D",,"A",,"A",,"A",,"A",,"A",,"A",,"A",,"A",,"A"
"20151",2789155,5,0,"1","200","D",40,"D",.,"A",,"A",,"A",,"A",,"A",,"A",,"A",,"A",,"A",,"A"
"20151",2789855,27,0,"1",,"A",.,"A",14,"D",,"A",,"A",,"A",,"A",,"A",,"A",,"A",,"A",,"A"
"20151",2791055,7,0,"1","235","D",900,"D",.,"A",,"A",,"A",,"A",,"A",,"A",,"A",,"A",,"A",,"A"
"20151",2791145,15,0,"1","130","D",6000,"D",255,"D",,"A",,"A",,"A",,"A",,"A",,"A",,"A",,"A",,"A"
"20151",2792525,10,0,"1",,"A",.,"A",50,"D",,"A",,"A",,"A",,"A",,"A",,"A",,"A",,"A",,"A"
"20151",2796595,10,0,"1",,"A",.,"A",45,"D",,"A",,"A",,"A",,"A",,"A",,"A",,"A",,"A",,"A"
"20151",2797055,4,0,"1",,"A",.,"A",20,"D",,"A",,"A",,"A",,"A",,"A",,"A",,"A",,"A",,"A"
"20151",2797475,10,0,"1",,"A",.,"A",18,"D",,"A",,"A",,"A",,"A",,"A",,"A",,"A",,"A",,"A"
"20151",2803745,7,0,"1",,"A",.,"A",8,"D",,"A",,"A",,"A",,"A",,"A",,"A",,"A",,"A",,"A"
"20151",2806165,7,0,"1","175","D",27,"D",.,"A",,"A",,"A",,"A",,"A",,"A",,"A",,"A",,"A",,"A"
"20151",2806475,5,0,"1","300","D",125,"D",.,"A",,"A",,"A",,"A",,"A",,"A",,"A",,"A",,"A",,"A"
"20151",2806925,5,0,"1","200","D",195,"D",.,"A",,"A",,"A",,"A",,"A",,"A",,"A",,"A",,"A",,"A"
"20151",2807665,14,0,"1","300","D",700,"D",.,"A",,"A",,"A",,"A",,"A",,"A",,"A",,"A",,"A",,"A"
"20151",2809115,21,0,"1",,"A",.,"A",171,"D",,"A",,"A",,"A",,"A",,"A",,"A",,"A",,"A",,"A"
"20151",2811095,3,0,"1","175","D",30,"D",.,"A",,"A",,"A",,"A",,"A",,"A",,"A",,"A",,"A",,"A"
"20151",2813665,17,0,"1","300","D",150,"D",.,"A",,"A",,"A",,"A",,"A",,"A",,"A",,"A",,"A",,"A"
"20151",2814844,10,0,"1",,"A",.,"A",150,"D",,"A",,"A",,"A",,"A",,"A",,"A",,"A",,"A",,"A"
"20151",2814914,11,0,"1","175","D",138,"D",.,"A",,"A",,"A",,"A",,"A",,"A",,"A",,"A",,"A",,"A"
"20151",2814924,5,0,"1","260","D",25,"D",.,"A",,"A",,"A",,"A",,"A",,"A",,"A",,"A",,"A",,"A"
"20151",2815924,5,0,"1","150","D",300,"D",.,"A",,"A",,"A",,"A",,"A",,"A",,"A",,"A",,"A",,"A"
"20151",2816144,3,0,"1","300","D",90,"D",.,"A",,"A",,"A",,"A",,"A",,"A",,"A",,"A",,"A",,"A"
"20151",2819394,11,0,"1",,"A",.,"A",60,"D",,"A",,"A",,"A",,"A",,"A",,"A",,"A",,"A",,"A"
"20151",2819904,9,0,"1","260","D",5000,"D",.,"A",,"A",,"A",,"A",,"A",,"A",,"A",,"A",,"A",,"A"
"20151",2820104,6,0,"1","175","D",30,"D",.,"A",,"A",,"A",,"A",,"A",,"A",,"A",,"A",,"A",,"A"
"20151",2821274,15,0,"1","175","D",15,"D",.,"A",,"A",,"A",,"A",,"A",,"A",,"A",,"A",,"A",,"A"
"20151",2821914,5,0,"1","175","D",50,"D",.,"A",,"A",,"A",,"A",,"A",,"A",,"A",,"A",,"A",,"A"
"20151",2823234,7,0,"1","175","D",134,"D",.,"A",,"A",,"A",,"A",,"A",,"A",,"A",,"A",,"A",,"A"
"20151",2823394,3,0,"1","150","D",25,"D",.,"A",,"A",,"A",,"A",,"A",,"A",,"A",,"A",,"A",,"A"
"20151",2824244,26,0,"1","300","D",68,"D",.,"A",,"A",,"A",,"A",,"A",,"A",,"A",,"A",,"A",,"A"
"20151",2837524,7,0,"1","160","D",60,"D",.,"A",,"A",,"A",,"A",,"A",,"A",,"A",,"A",,"A",,"A"
"20151",2838274,4,0,"1","150","D",100,"D",.,"A",,"A",,"A",,"A",,"A",,"A",,"A",,"A",,"A",,"A"
"20151",2839774,3,0,"1",,"A",.,"A",400,"D",,"A",,"A",,"A",,"A",,"A",,"A",,"A",,"A",,"A"
"20151",2840644,4,0,"1","175","D",80,"D",.,"A",,"A",,"A",,"A",,"A",,"A",,"A",,"A",,"A",,"A"
"20151",2841454,4,0,"1",,"A",.,"A",10000,"D",,"A",,"A",,"A",,"A",,"A",,"A",,"A",,"A",,"A"
"20151",2841854,12,0,"1","235","D",350,"D",.,"A",,"A",,"A",,"A",,"A",,"A",,"A",,"A",,"A",,"A"
"20151",2842384,8,0,"1",,"A",.,"A",25,"D",,"A",,"A",,"A",,"A",,"A",,"A",,"A",,"A",,"A"
"20151",2842824,2,0,"1",,"A",.,"A",100,"D",,"A",,"A",,"A",,"A",,"A",,"A",,"A",,"A",,"A"
"20151",2842854,5,0,"1",,"A",.,"A",200,"D",,"A",,"A",,"A",,"A",,"A",,"A",,"A",,"A",,"A"
"20151",2843614,12,0,"1","300","D",18,"D",.,"A",,"A",,"A",,"A",,"A",,"A",,"A",,"A",,"A",,"A"
"20151",2844174,2,0,"1","175","D",200,"D",.,"A",,"A",,"A",,"A",,"A",,"A",,"A",,"A",,"A",,"A"
"20151",2844274,3,0,"1",,"A",.,"A",50,"D",,"A",,"A",,"A",,"A",,"A",,"A",,"A",,"A",,"A"
"20151",2844404,17,0,"1","210","D",175,"D",.,"A",,"A",,"A",,"A",,"A",,"A",,"A",,"A",,"A",,"A"
"20151",2847134,30,0,"1","300","D",60,"D",16,"D",,"A",,"A",,"A",,"A",,"A",,"A",,"A",,"A",,"A"
"20151",2869354,26,0,"1","300","D",45,"D",.,"A",,"A",,"A",,"A",,"A",,"A",,"A",,"A",,"A",,"A"
"20151",2869524,5,0,"1","235","D",1000,"D",.,"A",,"A",,"A",,"A",,"A",,"A",,"A",,"A",,"A",,"A"
"20151",2870434,12,0,"1","300","D",150,"D",.,"A",,"A",,"A",,"A",,"A",,"A",,"A",,"A",,"A",,"A"
"20151",2872164,11,0,"1","175","D",80,"D",.,"A",,"A",,"A",,"A",,"A",,"A",,"A",,"A",,"A",,"A"
"20151",2872744,4,0,"1",,"A",.,"A",210,"D",,"A",,"A",,"A",,"A",,"A",,"A",,"A",,"A",,"A"
"20151",2875024,12,0,"1","130","D",5150,"D",.,"A",,"A",,"A",,"A",,"A",,"A",,"A",,"A",,"A",,"A"
"20151",2875094,3,0,"1","300","D",160,"D",.,"A",,"A",,"A",,"A",,"A",,"A",,"A",,"A",,"A",,"A"
"20151",2875294,3,0,"1","140","D",130,"D",.,"A",,"A",,"A",,"A",,"A",,"A",,"A",,"A",,"A",,"A"
"20151",2876234,17,0,"1","300","D",45,"D",.,"A",,"A",,"A",,"A",,"A",,"A",,"A",,"A",,"A",,"A"
"20151",2878154,4,0,"1","175","D",50,"D",.,"A",,"A",,"A",,"A",,"A",,"A",,"A",,"A",,"A",,"A"
"20151",2900635,13,0,"1","140","D",30,"D",.,"A",,"A",,"A",,"A",,"A",,"A",,"A",,"A",,"A",,"A"
"20151",2900783,11,0,"1","120","D",500,"D",.,"A",,"A",,"A",,"A",,"A",,"A",,"A",,"A",,"A",,"A"
"20151",2900923,15,0,"1","160","D",50,"D",.,"A",,"A",,"A",,"A",,"A",,"A",,"A",,"A",,"A",,"A"
"20151",2901035,5,0,"1",,"A",.,"A",110,"D",,"A",,"A",,"A",,"A",,"A",,"A",,"A",,"A",,"A"
"20151",2901303,26,0,"1","175","D",131,"D",.,"A",,"A",,"A",,"A",,"A",,"A",,"A",,"A",,"A",,"A"
"20151",2902183,10,0,"1",,"A",.,"A",450,"D",,"A",,"A",,"A",,"A",,"A",,"A",,"A",,"A",,"A"
"20151",2903293,7,0,"1","175","D",27,"D",.,"A",,"A",,"A",,"A",,"A",,"A",,"A",,"A",,"A",,"A"
"20151",2903603,7,0,"1",,"A",.,"A",375,"D",,"A",,"A",,"A",,"A",,"A",,"A",,"A",,"A",,"A"
"20151",2906283,9,0,"1","200","D",90,"D",.,"A",,"A",,"A",,"A",,"A",,"A",,"A",,"A",,"A",,"A"
"20151",2909293,5,0,"1","175","D",12,"D",.,"A",,"A",,"A",,"A",,"A",,"A",,"A",,"A",,"A",,"A"
"20151",2910563,5,0,"1",,"A",.,"A",75,"D",,"A",,"A",,"A",,"A",,"A",,"A",,"A",,"A",,"A"
"20151",2910833,13,0,"1",,"A",.,"A",34,"D",,"A",,"A",,"A",,"A",,"A",,"A",,"A",,"A",,"A"
"20151",2911163,13,0,"1","300","D",244,"D",.,"A",,"A",,"A",,"A",,"A",,"A",,"A",,"A",,"A",,"A"
"20151",2922733,7,0,"1","300","D",100,"D",.,"A",,"A",,"A",,"A",,"A",,"A",,"A",,"A",,"A",,"A"
"20151",2923803,16,0,"1",,"A",.,"A",200,"D",,"A",,"A",,"A",,"A",,"A",,"A",,"A",,"A",,"A"
"20151",2924733,8,0,"1","175","D",120,"D",.,"A",,"A",,"A",,"A",,"A",,"A",,"A",,"A",,"A",,"A"
"20151",2925253,22,0,"1",,"A",.,"A",60,"D",,"A",,"A",,"A",,"A",,"A",,"A",,"A",,"A",,"A"
"20151",2927913,10,0,"1","160","D",300,"D",.,"A",,"A",,"A",,"A",,"A",,"A",,"A",,"A",,"A",,"A"
"20151",2928723,3,0,"1","140","D",100,"D",.,"A",,"A",,"A",,"A",,"A",,"A",,"A",,"A",,"A",,"A"
"20151",2928913,5,0,"1","130","D",1000,"D",.,"A",,"A",,"A",,"A",,"A",,"A",,"A",,"A",,"A",,"A"
"20151",2929843,2,0,"1",,"A",.,"A",100,"D",,"A",,"A",,"A",,"A",,"A",,"A",,"A",,"A",,"A"
"20151",2931073,5,0,"1",,"A",.,"A",150,"D",,"A",,"A",,"A",,"A",,"A",,"A",,"A",,"A",,"A"
"20151",2932363,10,0,"1",,"A",.,"A",125,"D",,"A",,"A",,"A",,"A",,"A",,"A",,"A",,"A",,"A"
"20151",2932483,3,0,"1","210","D",5,"D",5,"D",,"A",,"A",,"A",,"A",,"A",,"A",,"A",,"A",,"A"
"20151",2932903,8,0,"1","160","D",250,"D",.,"A",,"A",,"A",,"A",,"A",,"A",,"A",,"A",,"A",,"A"
"20151",2944443,6,0,"1","300","D",300,"D",.,"A",,"A",,"A",,"A",,"A",,"A",,"A",,"A",,"A",,"A"
"20151",2949263,2,0,"1","130","D",600,"D",.,"A",,"A",,"A",,"A",,"A",,"A",,"A",,"A",,"A",,"A"
"20151",2949853,17,0,"1",,"A",.,"A",130,"D",,"A",,"A",,"A",,"A",,"A",,"A",,"A",,"A",,"A"
"20151",2949923,10,0,"1","140","D",130,"D",.,"A",,"A",,"A",,"A",,"A",,"A",,"A",,"A",,"A",,"A"
"20151",2950693,8,0,"1",,"A",.,"A",30,"D",,"A",,"A",,"A",,"A",,"A",,"A",,"A",,"A",,"A"
"20151",2951663,7,0,"1","140","D",95,"D",150,"D",,"A",,"A",,"A",,"A",,"A",,"A",,"A",,"A",,"A"
"20151",2952703,10,0,"1","130","D",100,"D",.,"A",,"A",,"A",,"A",,"A",,"A",,"A",,"A",,"A",,"A"
"20151",2953413,12,0,"1","300","D",1015,"D",.,"A",,"A",,"A",,"A",,"A",,"A",,"A",,"A",,"A",,"A"
"20151",2953553,8,0,"1","200","D",400,"D",.,"A",,"A",,"A",,"A",,"A",,"A",,"A",,"A",,"A",,"A"
"20151",2955153,10,0,"1","270","D",25,"D",.,"A",,"A",,"A",,"A",,"A",,"A",,"A",,"A",,"A",,"A"
"20151",2967112,13,0,"1",,"A",.,"A",15,"D",,"A",,"A",,"A",,"A",,"A",,"A",,"A",,"A",,"A"
"20151",2969582,6,0,"1","200","D",250,"D",.,"A",,"A",,"A",,"A",,"A",,"A",,"A",,"A",,"A",,"A"
"20151",2970162,8,0,"1","240","D",4,"D",.,"A",,"A",,"A",,"A",,"A",,"A",,"A",,"A",,"A",,"A"
"20151",2970862,5,0,"1","300","D",6,"D",.,"A",,"A",,"A",,"A",,"A",,"A",,"A",,"A",,"A",,"A"
"20151",2971592,11,0,"1","130","D",200,"D",.,"A",,"A",,"A",,"A",,"A",,"A",,"A",,"A",,"A",,"A"
"20151",2971872,3,0,"1","100","D",1100,"D",.,"A",,"A",,"A",,"A",,"A",,"A",,"A",,"A",,"A",,"A"
"20151",2974642,25,0,"1","300","D",200,"D",.,"A",,"A",,"A",,"A",,"A",,"A",,"A",,"A",,"A",,"A"
"20151",2974872,15,0,"1",,"A",.,"A",260,"D",,"A",,"A",,"A",,"A",,"A",,"A",,"A",,"A",,"A"
"20151",2975852,5,0,"1",,"A",.,"A",110,"D",,"A",,"A",,"A",,"A",,"A",,"A",,"A",,"A",,"A"
"20151",2975992,6,0,"1","300","D",400,"D",.,"A",,"A",,"A",,"A",,"A",,"A",,"A",,"A",,"A",,"A"
"20151",2976862,8,0,"1",,"A",.,"A",183,"D",,"A",,"A",,"A",,"A",,"A",,"A",,"A",,"A",,"A"
"20151",2978052,2,0,"1","300","D",50,"D",20,"D",,"A",,"A",,"A",,"A",,"A",,"A",,"A",,"A",,"A"
"20151",2978272,2,0,"1",,"A",.,"A",15,"D",,"A",,"A",,"A",,"A",,"A",,"A",,"A",,"A",,"A"
"20151",2988842,5,0,"1","175","D",50,"D",.,"A",,"A",,"A",,"A",,"A",,"A",,"A",,"A",,"A",,"A"
"20151",2989182,15,0,"1",,"A",.,"A",30,"D",,"A",,"A",,"A",,"A",,"A",,"A",,"A",,"A",,"A"
"20151",2989442,7,0,"1","300","D",100,"D",.,"A",,"A",,"A",,"A",,"A",,"A",,"A",,"A",,"A",,"A"
"20151",2990402,4,0,"1","130","D",7020,"D",.,"A",,"A",,"A",,"A",,"A",,"A",,"A",,"A",,"A",,"A"
"20151",2990454,9,0,"1","130","D",200,"D",.,"A",,"A",,"A",,"A",,"A",,"A",,"A",,"A",,"A",,"A"
"20151",2990542,9,0,"1","175","D",100,"D",.,"A",,"A",,"A",,"A",,"A",,"A",,"A",,"A",,"A",,"A"
"20151",2991152,10,0,"1","280","D",2200,"D",.,"A",,"A",,"A",,"A",,"A",,"A",,"A",,"A",,"A",,"A"
"20151",2992092,8,0,"1","175","D",60,"D",.,"A",,"A",,"A",,"A",,"A",,"A",,"A",,"A",,"A",,"A"
"20151",2992782,7,0,"1","235","D",90,"D",.,"A",,"A",,"A",,"A",,"A",,"A",,"A",,"A",,"A",,"A"
"20151",2993092,6,0,"1","130","D",200,"D",.,"A",,"A",,"A",,"A",,"A",,"A",,"A",,"A",,"A",,"A"
"20151",2994042,4,0,"1","300","D",200,"D",.,"A",,"A",,"A",,"A",,"A",,"A",,"A",,"A",,"A",,"A"
"20151",2996142,17,0,"1",,"A",.,"A",150,"D",,"A",,"A",,"A",,"A",,"A",,"A",,"A",,"A",,"A"
"20151",2997312,31,0,"1","300","D",100,"D",150,"D",,"A",,"A",,"A",,"A",,"A",,"A",,"A",,"A",,"A"
"20151",2997792,7,0,"1","300","D",100,"D",60,"D",,"A",,"A",,"A",,"A",,"A",,"A",,"A",,"A",,"A"
"20151",2999402,3,0,"1","270","D",1200,"D",.,"A",,"A",,"A",,"A",,"A",,"A",,"A",,"A",,"A",,"A"
"20151",3000912,14,0,"1",,"A",.,"A",200,"D",,"A",,"A",,"A",,"A",,"A",,"A",,"A",,"A",,"A"
"20151",3001102,5,0,"1","130","D",1800,"D",.,"A",,"A",,"A",,"A",,"A",,"A",,"A",,"A",,"A",,"A"
"20151",3001392,3,0,"1","300","D",200,"D",.,"A",,"A",,"A",,"A",,"A",,"A",,"A",,"A",,"A",,"A"
"20151",3001722,3,0,"1","235","D",30,"D",.,"A",,"A",,"A",,"A",,"A",,"A",,"A",,"A",,"A",,"A"
"20151",3002102,15,0,"1","210","D",100,"D",100,"D",,"A",,"A",,"A",,"A",,"A",,"A",,"A",,"A",,"A"
"20151",3002752,10,0,"1","130","D",250,"D",100,"D",,"A",,"A",,"A",,"A",,"A",,"A",,"A",,"A",,"A"
"20151",3002782,9,0,"1","175","D",60,"D",.,"A",,"A",,"A",,"A",,"A",,"A",,"A",,"A",,"A",,"A"
"20151",3003182,5,0,"1","130","D",500,"D",.,"A",,"A",,"A",,"A",,"A",,"A",,"A",,"A",,"A",,"A"
"20151",3004852,8,0,"1","175","D",115,"D",.,"A",,"A",,"A",,"A",,"A",,"A",,"A",,"A",,"A",,"A"
"20151",3004912,10,0,"1","175","D",115,"D",.,"A",,"A",,"A",,"A",,"A",,"A",,"A",,"A",,"A",,"A"
"20151",3004952,9,0,"1",,"A",.,"A",10,"D",,"A",,"A",,"A",,"A",,"A",,"A",,"A",,"A",,"A"
"20151",3004992,8,0,"1","300","D",300,"D",.,"A",,"A",,"A",,"A",,"A",,"A",,"A",,"A",,"A",,"A"
"20151",3005642,21,0,"1","300","D",130,"D",.,"A",,"A",,"A",,"A",,"A",,"A",,"A",,"A",,"A",,"A"
"20151",3006792,1,0,"1","130","D",1700,"D",.,"A",,"A",,"A",,"A",,"A",,"A",,"A",,"A",,"A",,"A"
"20151",3007292,7,0,"1",,"A",.,"A",50,"D",,"A",,"A",,"A",,"A",,"A",,"A",,"A",,"A",,"A"
"20151",3007312,5,0,"1",,"A",.,"A",115,"D",,"A",,"A",,"A",,"A",,"A",,"A",,"A",,"A",,"A"
"20151",3007512,6,0,"1",,"A",.,"A",400,"D",,"A",,"A",,"A",,"A",,"A",,"A",,"A",,"A",,"A"
"20151",3007532,7,0,"1","175","D",100,"D",.,"A",,"A",,"A",,"A",,"A",,"A",,"A",,"A",,"A",,"A"
"20151",3007842,11,0,"1","300","D",350,"D",.,"A",,"A",,"A",,"A",,"A",,"A",,"A",,"A",,"A",,"A"
"20151",3009385,7,0,"1",,"A",.,"A",200,"D",,"A",,"A",,"A",,"A",,"A",,"A",,"A",,"A",,"A"
"20151",3010382,5,0,"1","140","D",150,"D",.,"A",,"A",,"A",,"A",,"A",,"A",,"A",,"A",,"A",,"A"
"20151",3033555,1,0,"1",,"A",.,"A",50,"D",,"A",,"A",,"A",,"A",,"A",,"A",,"A",,"A",,"A"
"20151",3033765,7,0,"1",,"A",.,"A",600,"D",,"A",,"A",,"A",,"A",,"A",,"A",,"A",,"A",,"A"
"20151",3046835,5,0,"1","300","D",50,"D",.,"A",,"A",,"A",,"A",,"A",,"A",,"A",,"A",,"A",,"A"
