"QYEAR","NEWID","SEQNO","ALCNO","REC_ORIG","RENTCODE","RENT_ODE","BSNSPCTZ","BSNS_CTZ","QADRENTX","QADR_NTX","ANYVACAT","ANYV_CAT"
"20141",2649475,27,0,"1","200","D",.,"A",170,"D","1","D"
"20141",2655195,46,0,"1","160","D",.,"A",600,"D","1","D"
"20141",2656925,66,0,"1","105","D",.,"A",51,"D","1","D"
"20141",2657545,50,0,"1","105","D",.,"A",300,"D","2","D"
"20141",2659625,29,0,"1","105","D",.,"A",285,"D","1","D"
"20141",2659735,50,0,"1","105","D",.,"A",150,"D","1","D"
"20141",2659775,11,0,"1","105","D",.,"A",65,"D","1","D"
"20141",2662415,54,0,"1","105","D",.,"A",32,"D","1","D"
"20141",2663065,26,0,"1","105","D",.,"A",88,"D","2","D"
"20141",2663225,36,0,"1","105","D",.,"A",276,"D","1","D"
"20141",2663435,30,0,"1","105","D",.,"A",71,"D","2","D"
"20141",2664995,30,0,"1","105","D",.,"A",280,"D","1","D"
"20141",2665095,35,0,"1","105","D",.,"A",200,"D","1","D"
"20141",2665615,32,0,"1","105","D",.,"A",80,"D","1","D"
"20141",2666595,28,0,"1","105","D",.,"A",150,"D","1","D"
"20141",2666595,29,0,"1","105","D",.,"A",400,"D","1","D"
"20141",2667535,58,0,"1","105","D",.,"A",288,"D","1","D"
"20141",2668485,29,0,"1","105","D",.,"A",375,"D","1","D"
"20141",2670975,50,0,"1","105","D",.,"A",239,"D","1","D"
"20141",2673125,47,0,"1","105","D",.,"A",108,"D","1","D"
"20141",2674485,28,0,"1","105","D",.,"A",175,"D","2","D"
"20141",2675085,15,0,"1","105","D",.,"A",200,"D","1","D"
"20141",2675185,37,0,"1","105","D",.,"A",400,"D","1","D"
"20141",2675995,16,0,"1","105","D",.,"A",300,"D","1","D"
"20141",2682234,31,0,"1","105","D",.,"A",160,"D","1","D"
"20141",2682294,42,0,"1","105","D",.,"A",170,"D","2","D"
"20141",2683314,45,0,"1","105","D",.,"A",300,"D","1","D"
"20141",2683314,46,0,"1","105","D",.,"A",250,"D","1","D"
"20141",2683344,26,0,"1","105","D",.,"A",300,"D","2","D"
"20141",2684224,24,0,"1","105","D",.,"A",1,"D","2","D"
"20141",2684344,32,0,"1","105","D",.,"A",188,"D","1","D"
"20141",2685094,41,0,"1","105","D",.,"A",175,"D","2","D"
"20141",2686744,21,0,"1","105","D",.,"A",355,"D","2","D"
"20141",2687264,29,0,"1","105","D",.,"A",945,"D","2","D"
"20141",2687984,19,0,"1","200","D",.,"A",65,"D","2","D"
"20141",2688494,24,0,"1","105","D",.,"A",65,"D","1","D"
"20141",2690074,30,0,"1","105","D",.,"A",1800,"D","1","D"
"20141",2691664,29,0,"1","105","D",.,"A",49,"D","1","D"
"20141",2692464,39,0,"1","105","D",.,"A",168,"D","2","D"
"20141",2692954,39,0,"1","105","D",.,"A",500,"D","1","D"
"20141",2693974,46,0,"1","105","D",.,"A",250,"D","1","D"
"20141",2693974,47,0,"1","180","D",.,"A",550,"D","2","D"
"20141",2695274,53,0,"1","105","D",.,"A",15,"D","2","D"
"20141",2695724,37,0,"1","105","D",.,"A",75,"D","1","D"
"20141",2697594,27,0,"1","105","D",.,"A",580,"D","1","D"
"20141",2697984,43,0,"1","105","D",.,"A",500,"D","1","D"
"20141",2698084,29,0,"1","105","D",.,"A",210,"D","1","D"
"20141",2701044,44,0,"1","105","D",.,"A",40,"D","2","D"
"20141",2702224,10,0,"1","105","D",.,"A",1,"D","2","D"
"20141",2704004,55,0,"1","105","D",.,"A",195,"D","2","D"
"20141",2704664,21,0,"1","105","D",.,"A",350,"D","1","D"
"20141",2705264,31,0,"1","105","D",.,"A",45,"D","1","D"
"20141",2706514,34,0,"1","105","D",.,"A",260,"D","1","D"
"20141",2706954,45,0,"1","105","D",.,"A",60,"D","2","D"
"20141",2708344,46,0,"1","105","D",.,"A",210,"D","2","D"
"20141",2709564,79,0,"1","105","D",.,"A",241,"D","1","D"
"20141",2709924,26,0,"1","105","D",.,"A",425,"D","1","D"
"20141",2710534,24,0,"1","105","D",.,"A",350,"D","2","D"
"20141",2710564,59,0,"1","105","D",.,"A",600,"D","1","D"
"20141",2711704,17,0,"1","105","D",1,"D",0,"D","2","D"
"20141",2712724,30,0,"1","105","D",.,"A",147,"D","1","D"
"20141",2713444,24,0,"1","105","D",.,"A",200,"D","1","D"
"20141",2713773,38,0,"1","105","D",.,"A",54,"D","1","D"
"20141",2714693,39,0,"1","105","D",.,"A",200,"D","1","D"
"20141",2714813,31,0,"1","105","D",.,"A",50,"D","2","D"
"20141",2715663,68,0,"1","130","D",.,"A",300,"D","1","D"
"20141",2715913,37,0,"1","105","D",.,"A",200,"D","1","D"
"20141",2717753,39,0,"1","105","D",.,"A",200,"D","1","D"
"20141",2717973,30,0,"1","105","D",.,"A",30,"D","2","D"
"20141",2719223,56,0,"1","105","D",.,"A",160,"D","1","D"
"20141",2719403,33,0,"1","105","D",.,"A",592,"D","1","D"
"20141",2719644,43,0,"1","105","D",.,"A",112,"D","1","D"
"20141",2722383,22,0,"1","105","D",.,"A",103,"D","1","D"
"20141",2722653,28,0,"1","200","D",.,"A",250,"D","2","D"
"20141",2723603,23,0,"1","105","D",.,"A",560,"D","2","D"
"20141",2724103,17,0,"1","105","D",.,"A",450,"D","1","D"
"20141",2724273,19,0,"1","105","D",.,"A",2400,"D","1","D"
"20141",2724793,29,0,"1","105","D",.,"A",300,"D","1","D"
"20141",2726253,12,0,"1","105","D",.,"A",213,"D","1","D"
"20141",2726653,34,0,"1","105","D",.,"A",300,"D","2","D"
"20141",2728093,40,0,"1","105","D",.,"A",700,"D","1","D"
"20141",2728203,27,0,"1","105","D",.,"A",150,"D","1","D"
"20141",2730093,13,0,"1","105","D",.,"A",1,"D","2","D"
"20141",2731333,46,0,"1","105","D",.,"A",900,"D","2","D"
"20141",2731913,29,0,"1","105","D",.,"A",470,"D","2","D"
"20141",2733473,35,0,"1","105","D",.,"A",1900,"D","1","D"
"20141",2733803,43,0,"1","105","D",.,"A",635,"D","1","D"
"20141",2734483,28,0,"1","105","D",.,"A",1100,"D","2","D"
"20141",2735243,27,0,"1","105","D",.,"A",120,"D","1","D"
"20141",2737293,46,0,"1","105","D",.,"A",178,"D","1","D"
"20141",2738143,22,0,"1","105","D",.,"A",147,"D","1","D"
"20141",2738963,48,0,"1","160","D",.,"A",4000,"D","1","D"
"20141",2739783,60,0,"1","105","D",.,"A",39,"D","2","D"
"20141",2739783,61,0,"1","105","D",.,"A",39,"D","2","D"
"20141",2739823,77,0,"1","105","D",.,"A",208,"D","1","D"
"20141",2740253,51,0,"1","105","D",.,"A",66,"D","2","D"
"20141",2740253,52,0,"1","105","D",.,"A",79,"D","2","D"
"20141",2740643,51,0,"1","105","D",.,"A",200,"D","1","D"
"20141",2740683,29,0,"1","180","D",.,"A",250,"D","2","D"
"20141",2742273,32,0,"1","105","D",.,"A",2700,"D","1","D"
"20141",2742273,33,0,"1","160","D",.,"A",200,"D","1","D"
"20141",2742443,24,0,"1","150","D",.,"A",150,"D","1","D"
"20141",2744273,64,0,"1","105","D",.,"A",20,"D","2","D"
"20141",2744753,44,0,"1","105","D",.,"A",80,"D","1","D"
"20141",2745013,14,0,"1","105","D",.,"A",95,"D","1","D"
"20141",2746643,37,0,"1","105","D",.,"A",77,"D","1","D"
"20141",2747352,12,0,"1","105","D",1,"D",0,"D","1","D"
"20141",2747502,27,0,"1","105","D",.,"A",40,"D","2","D"
"20141",2748362,24,0,"1","105","D",.,"A",525,"D","2","D"
"20141",2749482,37,0,"1","105","D",.,"A",460,"D","2","D"
"20141",2751022,25,0,"1","105","D",.,"A",1,"D","1","D"
"20141",2751502,60,0,"1","105","D",.,"A",165,"D","1","D"
"20141",2751572,40,0,"1","105","D",.,"A",320,"D","1","D"
"20141",2752303,52,0,"1","105","D",.,"A",8,"D","2","D"
"20141",2752682,32,0,"1","105","D",.,"A",930,"D","2","D"
"20141",2753072,44,0,"1","105","D",.,"A",400,"D","1","D"
"20141",2753982,32,0,"1","105","D",.,"A",40,"D","1","D"
"20141",2754122,37,0,"1","105","D",.,"A",167,"D","1","D"
"20141",2754222,33,0,"1","105","D",.,"A",78,"D","1","D"
"20141",2754222,34,0,"1","105","D",.,"A",50,"D","1","D"
"20141",2755752,63,0,"1","105","D",.,"A",92,"D","1","D"
"20141",2756732,45,0,"1","105","D",.,"A",400,"D","1","D"
"20141",2757012,32,0,"1","105","D",.,"A",153,"F","1","D"
"20141",2757182,42,0,"1","105","D",.,"A",165,"D","1","D"
"20141",2757332,30,0,"1","105","D",.,"A",200,"D","2","D"
"20141",2758272,28,0,"1","105","D",.,"A",860,"D","2","D"
"20141",2758352,55,0,"1","105","D",.,"A",482,"D","1","D"
"20141",2758352,56,0,"1","105","D",.,"A",475,"D","1","D"
"20141",2758552,27,0,"1","105","D",.,"A",1600,"D","1","D"
"20141",2758882,31,0,"1","105","D",.,"A",185,"D","2","D"
"20141",2759322,40,0,"1","105","D",.,"A",48,"D","1","D"
"20141",2761702,34,0,"1","105","D",.,"A",330,"D","1","D"
"20141",2762062,41,0,"1","105","D",.,"A",15,"D","2","D"
"20141",2762102,33,0,"1","105","D",.,"A",400,"D","1","D"
"20141",2762812,34,0,"1","200","D",.,"A",34,"D","1","D"
"20141",2762862,43,0,"1","105","D",.,"A",332,"D","1","D"
"20141",2763632,54,0,"1","105","D",.,"A",100,"D","1","D"
"20141",2764002,45,0,"1","105","D",.,"A",100,"D","2","D"
"20141",2764212,40,0,"1","105","D",.,"A",180,"D","1","D"
"20141",2764212,41,0,"1","105","D",1,"D",0,"D","1","D"
"20141",2766852,22,0,"1","105","D",.,"A",150,"D","1","D"
"20141",2767482,20,0,"1","105","D",.,"A",112,"D","2","D"
"20141",2767632,19,0,"1","105","D",.,"A",85,"D","1","D"
"20141",2768332,35,0,"1","105","D",.,"A",400,"D","1","D"
"20141",2768712,59,0,"1","105","D",.,"A",70,"D","1","D"
"20141",2769222,35,0,"1","105","D",.,"A",1000,"D","1","D"
"20141",2769762,5,0,"1","105","D",.,"A",650,"D","1","D"
"20141",2769862,20,0,"1","105","D",.,"A",150,"D","1","D"
"20141",2770185,12,0,"1","105","D",.,"A",52,"D","2","D"
"20141",2770462,59,0,"1","105","D",.,"A",289,"D","1","D"
"20141",2771522,24,0,"1","105","D",.,"A",150,"D","2","D"
"20141",2772192,42,0,"1","105","D",.,"A",230,"D","1","D"
"20141",2772192,43,0,"1","105","D",.,"A",85,"D","1","D"
"20141",2773072,26,0,"1","105","D",.,"A",106,"D","1","D"
"20141",2773072,27,0,"1","105","D",.,"A",22,"D","1","D"
"20141",2773072,28,0,"1","105","D",.,"A",38,"D","1","D"
"20141",2773172,39,0,"1","105","D",.,"A",280,"D","1","D"
"20141",2773882,45,0,"1","105","D",.,"A",1000,"D","1","D"
"20141",2774352,33,0,"1","105","D",.,"A",88,"D","2","D"
"20141",2775462,28,0,"1","105","D",.,"A",100,"D","1","D"
"20141",2777012,49,0,"1","105","D",.,"A",167,"D","1","D"
"20141",2777092,24,0,"1","105","D",.,"A",22,"D","2","D"
"20141",2777582,22,0,"1","105","D",.,"A",115,"D","1","D"
"20141",2777702,25,0,"1","105","D",.,"A",600,"D","1","D"
"20141",2777862,49,0,"1","105","D",.,"A",115,"D","1","D"
"20141",2778112,26,0,"1","105","D",.,"A",158,"D","1","D"
"20141",2778182,21,0,"1","105","D",.,"A",80,"D","2","D"
"20141",2779012,18,0,"1","105","D",.,"A",150,"D","2","D"
"20141",2779362,16,0,"1","105","D",.,"A",500,"D","2","D"
"20141",2780272,41,0,"1","160","D",.,"A",750,"D","1","D"
"20141",2780892,66,0,"1","105","D",.,"A",120,"D","1","D"
"20141",2786533,8,0,"1","105","D",.,"A",35,"D","2","D"
"20141",2792652,35,0,"1","105","D",.,"A",40,"D","2","D"
"20141",2795995,32,0,"1","105","D",.,"A",167,"D","1","D"
"20141",2806174,4,0,"1","105","D",.,"A",200,"D","1","D"
"20141",2809235,16,0,"1","105","D",.,"A",282,"D","2","D"
"20141",2811745,25,0,"1","105","D",.,"A",36,"D","2","D"
"20142",2680255,30,0,"1","105","D",.,"A",300,"D","2","D"
"20142",2684025,46,0,"1","105","D",.,"A",1550,"D","1","D"
"20142",2684335,40,0,"1","105","D",.,"A",224,"D","1","D"
"20142",2685095,40,0,"1","105","D",.,"A",250,"D","2","D"
"20142",2686275,28,0,"1","105","D",.,"A",150,"D","1","D"
"20142",2686335,5,0,"1","105","D",.,"A",230,"D","2","D"
"20142",2689275,16,0,"1","105","D",.,"A",425,"D","2","D"
"20142",2689545,32,0,"1","105","D",.,"A",1008,"D","1","D"
"20142",2690455,25,0,"1","105","D",.,"A",180,"D","1","D"
"20142",2690545,52,0,"1","105","D",.,"A",384,"D","1","D"
"20142",2694985,42,0,"1","105","D",.,"A",435,"D","1","D"
"20142",2694985,43,0,"1","105","D",.,"A",503,"D","1","D"
"20142",2695095,45,0,"1","105","D",.,"A",500,"D","1","D"
"20142",2696895,26,0,"1","105","D",.,"A",240,"D","1","D"
"20142",2697985,46,0,"1","105","D",.,"A",200,"D","1","D"
"20142",2698995,36,0,"1","105","D",.,"A",230,"D","1","D"
"20142",2699695,43,0,"1","105","D",.,"A",375,"D","1","D"
"20142",2699795,23,0,"1","105","D",.,"A",30,"D","2","D"
"20142",2699855,32,0,"1","105","D",.,"A",86,"D","1","D"
"20142",2700345,28,0,"1","105","D",.,"A",900,"D","1","D"
"20142",2701255,39,0,"1","105","D",.,"A",1000,"D","1","D"
"20142",2702525,34,0,"1","105","D",.,"A",300,"D","2","D"
"20142",2702665,64,0,"1","105","D",.,"A",900,"D","1","D"
"20142",2702665,65,0,"1","105","D",.,"A",500,"D","1","D"
"20142",2705015,16,0,"1","105","D",.,"A",65,"D","1","D"
"20142",2705585,28,0,"1","105","D",.,"A",1000,"D","2","D"
"20142",2707925,25,0,"1","105","D",.,"A",38,"D","2","D"
"20142",2708445,25,0,"1","105","D",.,"A",100,"D","2","D"
"20142",2708475,26,0,"1","105","D",.,"A",118,"D","1","D"
"20142",2710595,38,0,"1","105","D",.,"A",459,"D","1","D"
"20142",2711015,40,0,"1","105","D",.,"A",58,"D","1","D"
"20142",2711015,41,0,"1","105","D",.,"A",101,"D","1","D"
"20142",2711105,35,0,"1","105","D",.,"A",100,"D","2","D"
"20142",2711185,31,0,"1","130","D",.,"A",378,"D","1","D"
"20142",2713574,50,0,"1","105","D",.,"A",100,"D","1","D"
"20142",2713854,40,0,"1","105","D",.,"A",280,"D","1","D"
"20142",2716894,12,0,"1","105","D",.,"A",348,"D","1","D"
"20142",2717094,44,0,"1","105","D",.,"A",866,"D","1","D"
"20142",2717104,28,0,"1","105","D",.,"A",725,"D","2","D"
"20142",2717154,24,0,"1","105","D",.,"A",110,"D","1","D"
"20142",2717814,29,0,"1","120","D",.,"A",2000,"D","2","D"
"20142",2717944,27,0,"1","105","D",.,"A",800,"D","1","D"
"20142",2718474,14,0,"1","105","D",.,"A",378,"F","2","D"
"20142",2719614,30,0,"1","105","D",.,"A",40,"D","1","D"
"20142",2719645,33,0,"1","105","D",.,"A",100,"D","2","D"
"20142",2720594,17,0,"1","105","D",.,"A",300,"D","1","D"
"20142",2720864,37,0,"1","105","D",.,"A",740,"D","1","D"
"20142",2720864,38,0,"1","105","D",.,"A",430,"D","1","D"
"20142",2721254,32,0,"1","105","D",.,"A",250,"D","1","D"
"20142",2721404,42,0,"1","105","D",.,"A",219,"D","1","D"
"20142",2721434,30,0,"1","105","D",.,"A",90,"D","2","D"
"20142",2722324,25,0,"1","105","D",.,"A",130,"D","1","D"
"20142",2725074,18,0,"1","105","D",.,"A",353,"D","1","D"
"20142",2726104,37,0,"1","105","D",.,"A",276,"F","1","D"
"20142",2727294,25,0,"1","105","D",.,"A",160,"D","2","D"
"20142",2727454,33,0,"1","105","D",.,"A",466,"D","1","D"
"20142",2729614,24,0,"1","105","D",.,"A",40,"D","2","D"
"20142",2729954,42,0,"1","105","D",.,"A",79,"D","1","D"
"20142",2730094,11,0,"1","105","D",.,"A",174,"D","2","D"
"20142",2730564,9,0,"1","105","D",.,"A",120,"D","2","D"
"20142",2731024,42,0,"1","105","D",.,"A",374,"D","1","D"
"20142",2731024,43,0,"1","170","D",.,"A",120,"D","1","D"
"20142",2732354,23,0,"1","105","D",.,"A",45,"D","2","D"
"20142",2732354,24,0,"1","105","D",.,"A",45,"D","2","D"
"20142",2733804,46,0,"1","105","D",.,"A",385,"D","1","D"
"20142",2734134,39,0,"1","105","D",.,"A",700,"D","1","D"
"20142",2734154,40,0,"1","105","D",.,"A",200,"D","1","D"
"20142",2736444,21,0,"1","200","D",.,"A",130,"D","2","D"
"20142",2736534,38,0,"1","105","D",.,"A",50,"D","2","D"
"20142",2737454,33,0,"1","105","D",.,"A",300,"D","1","D"
"20142",2739824,46,0,"1","105","D",.,"A",276,"F","1","D"
"20142",2739964,17,0,"1","105","D",.,"A",75,"D","1","D"
"20142",2740504,16,0,"1","105","D",1,"D",0,"D","2","D"
"20142",2742444,17,0,"1","105","D",.,"A",150,"D","1","D"
"20142",2742444,18,0,"1","105","D",.,"A",150,"D","1","D"
"20142",2742444,19,0,"1","120","D",.,"A",850,"D","1","D"
"20142",2743384,32,0,"1","105","D",.,"A",468,"D","1","D"
"20142",2747273,14,0,"1","105","D",.,"A",89,"D","1","D"
"20142",2749023,15,0,"1","105","D",.,"A",99,"D","2","D"
"20142",2749243,45,0,"1","105","D",.,"A",398,"D","1","D"
"20142",2750233,25,0,"1","200","D",.,"A",150,"D","2","D"
"20142",2750633,29,0,"1","200","D",.,"A",300,"D","1","D"
"20142",2750953,33,0,"1","105","D",.,"A",100,"D","1","D"
"20142",2750953,34,0,"1","150","D",.,"A",320,"D","1","D"
"20142",2751023,36,0,"1","105","D",.,"A",120,"D","1","D"
"20142",2751163,27,0,"1","105","D",.,"A",36,"D","2","D"
"20142",2753153,27,0,"1","105","D",.,"A",240,"D","1","D"
"20142",2753413,67,0,"1","105","D",.,"A",501,"D","1","D"
"20142",2754473,55,0,"1","105","D",0.5,"D",53,"D","1","D"
"20142",2754743,104,0,"1","105","D",.,"A",915,"D","2","D"
"20142",2756493,17,0,"1","105","D",.,"A",400,"D","1","D"
"20142",2756623,27,0,"1","105","D",.,"A",224,"D","2","D"
"20142",2757183,38,0,"1","105","D",.,"A",128,"D","1","D"
"20142",2760393,17,0,"1","105","D",.,"A",300,"D","1","D"
"20142",2761323,47,0,"1","105","D",.,"A",154,"D","1","D"
"20142",2765513,15,0,"1","105","D",1,"D",0,"D","1","D"
"20142",2767753,26,0,"1","105","D",.,"A",30,"D","1","D"
"20142",2767853,22,0,"1","200","D",.,"A",225,"D","1","D"
"20142",2768623,54,0,"1","180","D",.,"A",30,"D","2","D"
"20142",2769533,11,0,"1","105","D",.,"A",400,"D","1","D"
"20142",2769863,30,0,"1","105","D",.,"A",150,"D","1","D"
"20142",2770433,34,0,"1","170","D",.,"A",28,"D","1","D"
"20142",2770623,41,0,"1","105","D",.,"A",25,"D","2","D"
"20142",2771493,63,0,"1","105","D",.,"A",135,"D","1","D"
"20142",2771493,64,0,"1","105","D",.,"A",221,"D","1","D"
"20142",2771975,57,0,"1","180","D",.,"A",75,"D","2","D"
"20142",2773413,34,0,"1","105","D",.,"A",1,"D","2","D"
"20142",2774353,33,0,"1","105","D",.,"A",197,"F","2","D"
"20142",2774405,14,0,"1","105","D",.,"A",492,"D","1","D"
"20142",2775553,43,0,"1","105","D",.,"A",240,"D","1","D"
"20142",2776113,53,0,"1","105","D",.,"A",136,"D","1","D"
"20142",2776873,30,0,"1","105","D",.,"A",225,"D","1","D"
"20142",2777093,28,0,"1","105","D",.,"A",265,"D","2","D"
"20142",2777533,50,0,"1","105","D",1,"D",0,"D","2","D"
"20142",2777593,26,0,"1","105","D",.,"A",120,"D","1","D"
"20142",2778123,46,0,"1","105","D",.,"A",25,"D","2","D"
"20142",2779013,21,0,"1","200","D",.,"A",240,"D","2","D"
"20142",2779113,15,0,"1","105","D",.,"A",50,"D","2","D"
"20142",2780463,37,0,"1","105","D",.,"A",154,"D","1","D"
"20142",2780643,24,0,"1","105","D",.,"A",100,"D","1","D"
"20142",2780893,46,0,"1","105","D",.,"A",260,"D","1","D"
"20142",2781662,27,0,"1","105","D",.,"A",500,"D","1","D"
"20142",2782102,26,0,"1","160","D",.,"A",75,"D","1","D"
"20142",2783472,34,0,"1","105","D",.,"A",850,"D","1","D"
"20142",2783712,36,0,"1","105","D",.,"A",300,"D","1","D"
"20142",2783712,37,0,"1","105","D",.,"A",100,"D","1","D"
"20142",2784032,29,0,"1","105","D",.,"A",400,"D","1","D"
"20142",2784362,29,0,"1","105","D",.,"A",400,"D","1","D"
"20142",2785242,27,0,"1","105","D",.,"A",540,"D","1","D"
"20142",2786014,42,0,"1","200","D",.,"A",80,"D","2","D"
"20142",2787532,18,0,"1","105","D",.,"A",800,"D","2","D"
"20142",2787612,32,0,"1","105","D",.,"A",200,"D","2","D"
"20142",2788212,25,0,"1","105","D",.,"A",150,"D","1","D"
"20142",2789672,33,0,"1","105","D",.,"A",684,"D","1","D"
"20142",2789802,27,0,"1","105","D",.,"A",30,"D","2","D"
"20142",2790082,14,0,"1","200","D",.,"A",40,"D","2","D"
"20142",2791882,34,0,"1","105","D",.,"A",200,"D","1","D"
"20142",2791922,19,0,"1","105","D",.,"A",3798,"D","1","D"
"20142",2792172,37,0,"1","105","D",.,"A",155,"D","1","D"
"20142",2792482,37,0,"1","105","D",.,"A",150,"D","2","D"
"20142",2792514,14,0,"1","105","D",0.75,"D",75,"D","2","D"
"20142",2793152,18,0,"1","105","D",.,"A",300,"D","1","D"
"20142",2793582,15,0,"1","200","D",.,"A",60,"D","2","D"
"20142",2794492,11,0,"1","200","D",.,"A",350,"D","1","D"
"20142",2794942,30,0,"1","105","D",.,"A",150,"D","1","D"
"20142",2795282,12,0,"1","105","D",0.8,"D",32,"D","1","D"
"20142",2796662,36,0,"1","105","D",.,"A",1057,"D","1","D"
"20142",2796662,37,0,"1","105","D",.,"A",186,"D","2","D"
"20142",2796662,38,0,"1","105","D",.,"A",97,"D","2","D"
"20142",2797092,58,0,"1","105","D",.,"A",400,"D","1","D"
"20142",2797232,24,0,"1","105","D",.,"A",226,"D","2","D"
"20142",2797402,46,0,"1","105","D",.,"A",175,"D","1","D"
"20142",2797522,32,0,"1","105","D",.,"A",1800,"D","2","D"
"20142",2798032,44,0,"1","105","D",.,"A",325,"D","1","D"
"20142",2799342,23,0,"1","200","D",.,"A",12000,"D","2","D"
"20142",2800382,38,0,"1","105","D",.,"A",24,"D","2","D"
"20142",2802342,20,0,"1","105","D",.,"A",193,"D","2","D"
"20142",2802942,28,0,"1","105","D",.,"A",400,"D","1","D"
"20142",2803992,12,0,"1","105","D",.,"A",130,"D","1","D"
"20142",2805562,47,0,"1","105","D",.,"A",928,"D","1","D"
"20142",2805572,49,0,"1","105","D",.,"A",400,"D","1","D"
"20142",2806242,27,0,"1","105","D",.,"A",75,"D","2","D"
"20142",2806352,34,0,"1","120","D",0.5,"D",518,"D","1","D"
"20142",2806922,41,0,"1","200","D",.,"A",79,"D","2","D"
"20142",2807872,29,0,"1","105","D",.,"A",215,"D","1","D"
"20142",2808132,33,0,"1","105","D",.,"A",120,"D","1","D"
"20142",2808272,22,0,"1","105","D",.,"A",1,"D","2","D"
"20142",2808582,27,0,"1","105","D",.,"A",94,"D","2","D"
"20142",2808702,31,0,"1","105","D",.,"A",130,"D","2","D"
"20142",2810642,27,0,"1","105","D",.,"A",39,"D","2","D"
"20142",2811062,36,0,"1","105","D",.,"A",220,"D","1","D"
"20142",2811882,27,0,"1","105","D",.,"A",150,"D","1","D"
"20142",2812192,23,0,"1","105","D",.,"A",300,"D","1","D"
"20142",2812312,49,0,"1","105","D",.,"A",5,"D","2","D"
"20142",2813602,41,0,"1","105","D",.,"A",284,"D","1","D"
"20142",2814042,47,0,"1","105","D",.,"A",200,"D","1","D"
"20142",2814242,34,0,"1","105","D",.,"A",520,"D","1","D"
"20142",2819844,11,0,"1","105","D",.,"A",500,"D","1","D"
"20142",2824532,10,0,"1","105","D",.,"A",25,"D","1","D"
"20142",2842985,12,0,"1","105","D",.,"A",700,"D","1","D"
"20142",2846403,12,0,"1","105","D",0.75,"D",250,"D","2","D"
"20142",2874384,24,0,"1","200","D",.,"A",100,"D","1","D"
"20142",2875954,15,0,"1","105","D",.,"A",400,"D","1","D"
"20142",2876393,20,0,"1","105","D",.,"A",325,"D","2","D"
"20142",2877943,10,0,"1","105","D",.,"A",175,"D","1","D"
"20143",2713535,10,0,"1","105","D",0.75,"D",125,"D","1","D"
"20143",2713775,45,0,"1","105","D",.,"A",200,"D","1","D"
"20143",2715665,48,0,"1","105","D",.,"A",230,"D","1","D"
"20143",2715665,49,0,"1","120","D",.,"A",1700,"D","1","D"
"20143",2716515,39,0,"1","105","D",.,"A",70,"D","1","D"
"20143",2716895,9,0,"1","105","D",.,"A",130,"D","2","D"
"20143",2719735,40,0,"1","105","D",.,"A",1045,"D","1","D"
"20143",2719795,36,0,"1","105","D",.,"A",1200,"D","2","D"
"20143",2720105,39,0,"1","105","D",.,"A",122,"D","1","D"
"20143",2720215,63,0,"1","105","D",0.68,"D",199,"D","2","D"
"20143",2720935,27,0,"1","105","D",.,"A",300,"D","1","D"
"20143",2721435,51,0,"1","105","D",.,"A",510,"D","1","D"
"20143",2722145,42,0,"1","105","D",.,"A",140,"D","2","D"
"20143",2725615,20,0,"1","105","D",.,"A",255,"D","1","D"
"20143",2725625,24,0,"1","105","D",.,"A",250,"D","1","D"
"20143",2726345,31,0,"1","105","D",0.8,"D",80,"D","2","D"
"20143",2727295,28,0,"1","105","D",.,"A",215,"D","2","D"
"20143",2727295,29,0,"1","105","D",.,"A",200,"D","1","D"
"20143",2727745,35,0,"1","105","D",.,"A",80,"D","1","D"
"20143",2728205,36,0,"1","105","D",.,"A",269,"D","1","D"
"20143",2728205,37,0,"1","105","D",.,"A",140,"D","1","D"
"20143",2728275,35,0,"1","105","D",.,"A",85,"D","1","D"
"20143",2728825,28,0,"1","105","D",.,"A",364,"D","1","D"
"20143",2728875,23,0,"1","105","D",.,"A",200,"D","1","D"
"20143",2729905,42,0,"1","170","D",.,"A",25,"D","2","D"
"20143",2730495,43,0,"1","105","D",.,"A",85,"D","2","D"
"20143",2730565,11,0,"1","105","D",.,"A",200,"D","1","D"
"20143",2731025,43,0,"1","130","D",.,"A",150,"D","1","D"
"20143",2731615,28,0,"1","105","D",.,"A",302,"D","1","D"
"20143",2731795,15,0,"1","105","D",.,"A",100,"D","1","D"
"20143",2732325,29,0,"1","105","D",.,"A",205,"D","1","D"
"20143",2732355,30,0,"1","105","D",.,"A",40,"D","2","D"
"20143",2732895,18,0,"1","105","D",.,"A",1000,"D","2","D"
"20143",2733025,63,0,"1","200","D",.,"A",12,"D","1","D"
"20143",2733315,35,0,"1","105","D",.,"A",100,"D","2","D"
"20143",2733985,12,0,"1","105","D",.,"A",400,"D","2","D"
"20143",2734155,44,0,"1","105","D",.,"A",400,"D","1","D"
"20143",2734485,23,0,"1","105","D",.,"A",200,"D","2","D"
"20143",2734645,14,0,"1","105","D",.,"A",1000,"D","1","D"
"20143",2734835,17,0,"1","105","D",0.75,"D",30,"D","1","D"
"20143",2734835,18,0,"1","105","D",.,"A",100,"D","1","D"
"20143",2734835,19,0,"1","105","D",0.75,"D",88,"D","1","D"
"20143",2735265,9,0,"1","105","D",.,"A",300,"D","1","D"
"20143",2736615,38,0,"1","105","D",.,"A",200,"D","2","D"
"20143",2736825,36,0,"1","105","D",.,"A",365,"D","1","D"
"20143",2737395,27,0,"1","105","D",.,"A",345,"D","1","D"
"20143",2738465,51,0,"1","105","D",.,"A",78,"D","2","D"
"20143",2739015,42,0,"1","105","D",.,"A",400,"D","1","D"
"20143",2739255,38,0,"1","105","D",.,"A",100,"D","1","D"
"20143",2739535,28,0,"1","105","D",.,"A",400,"D","2","D"
"20143",2739785,61,0,"1","105","D",.,"A",90,"D","1","D"
"20143",2739825,71,0,"1","105","D",.,"A",397,"D","2","D"
"20143",2741425,25,0,"1","105","D",.,"A",400,"D","1","D"
"20143",2742555,50,0,"1","105","D",.,"A",280,"D","1","D"
"20143",2743385,31,0,"1","105","D",.,"A",1404,"D","2","D"
"20143",2746165,50,0,"1","105","D",.,"A",410,"D","1","D"
"20143",2746165,51,0,"1","105","D",.,"A",420,"D","1","D"
"20143",2747394,33,0,"1","105","D",.,"A",22,"D","2","D"
"20143",2747654,24,0,"1","160","D",.,"A",250,"D","1","D"
"20143",2747654,25,0,"1","200","D",.,"A",99,"D","1","D"
"20143",2748644,36,0,"1","105","D",.,"A",70,"D","2","D"
"20143",2749484,62,0,"1","200","D",.,"A",62,"D","2","D"
"20143",2751024,40,0,"1","105","D",.,"A",175,"D","1","D"
"20143",2753534,29,0,"1","105","D",.,"A",140,"D","1","D"
"20143",2754474,36,0,"1","105","D",.,"A",1600,"D","1","D"
"20143",2756934,39,0,"1","105","D",.,"A",652,"D","1","D"
"20143",2759634,83,0,"1","105","D",.,"A",60,"D","1","D"
"20143",2761734,30,0,"1","105","D",.,"A",100,"D","1","D"
"20143",2762455,21,0,"1","105","D",.,"A",250,"D","1","D"
"20143",2762864,52,0,"1","105","D",.,"A",300,"D","1","D"
"20143",2763294,21,0,"1","160","D",.,"A",16,"D","1","D"
"20143",2764214,45,0,"1","170","D",.,"A",22,"D","1","D"
"20143",2764454,47,0,"1","105","D",.,"A",135,"D","1","D"
"20143",2764514,59,0,"1","105","D",.,"A",250,"D","1","D"
"20143",2765314,17,0,"1","105","D",.,"A",300,"D","1","D"
"20143",2765514,11,0,"1","105","D",.,"A",300,"D","1","D"
"20143",2765625,33,0,"1","105","D",.,"A",100,"D","2","D"
"20143",2766914,12,0,"1","105","D",.,"A",361,"D","1","D"
"20143",2767654,52,0,"1","105","D",.,"A",100,"D","1","D"
"20143",2767695,35,0,"1","105","D",.,"A",165,"D","1","D"
"20143",2768964,25,0,"1","160","D",.,"A",160,"D","1","D"
"20143",2769204,37,0,"1","170","D",.,"A",24,"D","2","D"
"20143",2770434,54,0,"1","170","D",.,"A",180,"D","1","D"
"20143",2770804,18,0,"1","105","D",.,"A",359,"F","2","D"
"20143",2772164,25,0,"1","105","D",.,"A",325,"D","1","D"
"20143",2773354,29,0,"1","105","D",.,"A",1000,"D","2","D"
"20143",2774904,38,0,"1","105","D",.,"A",362,"D","1","D"
"20143",2776174,43,0,"1","105","D",.,"A",450,"D","1","D"
"20143",2776324,32,0,"1","105","D",.,"A",2000,"D","2","D"
"20143",2776874,31,0,"1","105","D",.,"A",215,"D","1","D"
"20143",2777094,28,0,"1","105","D",.,"A",36,"D","2","D"
"20143",2777474,21,0,"1","105","D",.,"A",900,"D","1","D"
"20143",2777594,22,0,"1","105","D",.,"A",90,"D","1","D"
"20143",2778404,37,0,"1","140","D",.,"A",350,"D","1","D"
"20143",2778714,35,0,"1","105","D",.,"A",800,"D","1","D"
"20143",2779014,15,0,"1","105","D",.,"A",648,"D","2","D"
"20143",2779754,34,0,"1","105","D",.,"A",1200,"D","1","D"
"20143",2780894,78,0,"1","105","D",.,"A",63,"D","1","D"
"20143",2781473,58,0,"1","200","D",.,"A",100,"D","1","D"
"20143",2781643,30,0,"1","105","D",.,"A",52,"D","2","D"
"20143",2781663,52,0,"1","105","D",.,"A",300,"D","1","D"
"20143",2783953,47,0,"1","105","D",.,"A",200,"D","1","D"
"20143",2783973,48,0,"1","105","D",.,"A",300,"D","1","D"
"20143",2784363,29,0,"1","105","D",.,"A",300,"D","1","D"
"20143",2785673,9,0,"1","105","D",.,"A",100,"D","1","D"
"20143",2786163,16,0,"1","105","D",.,"A",230,"D","1","D"
"20143",2787383,56,0,"1","105","D",.,"A",260,"D","1","D"
"20143",2788213,51,0,"1","105","D",.,"A",100,"D","2","D"
"20143",2788903,37,0,"1","180","D",.,"A",565,"D","1","D"
"20143",2789113,59,0,"1","200","D",.,"A",16,"D","2","D"
"20143",2790713,19,0,"1","105","D",.,"A",145,"D","1","D"
"20143",2790773,40,0,"1","105","D",.,"A",100,"D","1","D"
"20143",2790933,24,0,"1","105","D",.,"A",1,"D","2","D"
"20143",2792523,45,0,"1","105","D",.,"A",263,"D","1","D"
"20143",2792903,33,0,"1","105","D",.,"A",580,"D","1","D"
"20143",2793343,21,0,"1","105","D",.,"A",100,"D","1","D"
"20143",2793603,19,0,"1","105","D",.,"A",160,"D","1","D"
"20143",2793943,19,0,"1","170","D",.,"A",2,"D","2","D"
"20143",2794443,42,0,"1","105","D",.,"A",700,"D","1","D"
"20143",2794853,28,0,"1","120","D",.,"A",3000,"D","1","D"
"20143",2797093,34,0,"1","180","D",.,"A",50,"D","2","D"
"20143",2797523,29,0,"1","105","D",.,"A",1800,"D","2","D"
"20143",2798313,27,0,"1","105","D",.,"A",130,"D","1","D"
"20143",2798433,34,0,"1","170","D",.,"A",30,"D","1","D"
"20143",2799503,27,0,"1","170","D",.,"A",60,"D","1","D"
"20143",2799563,26,0,"1","105","D",.,"A",239,"D","1","D"
"20143",2800903,11,0,"1","105","D",.,"A",332,"F","2","D"
"20143",2801183,34,0,"1","105","D",.,"A",450,"D","1","D"
"20143",2803903,26,0,"1","200","D",.,"A",105,"D","2","D"
"20143",2804773,27,0,"1","105","D",.,"A",150,"D","2","D"
"20143",2806053,36,0,"1","105","D",0.8,"D",37,"D","1","D"
"20143",2806923,44,0,"1","180","D",.,"A",59,"D","2","D"
"20143",2807033,20,0,"1","105","D",.,"A",160,"D","1","D"
"20143",2807263,31,0,"1","105","D",.,"A",710,"D","1","D"
"20143",2807484,12,0,"1","105","D",.,"A",115,"D","1","D"
"20143",2808583,24,0,"1","105","D",.,"A",150,"D","2","D"
"20143",2808613,21,0,"1","105","D",.,"A",140,"D","1","D"
"20143",2811013,28,0,"1","105","D",.,"A",600,"D","1","D"
"20143",2811293,37,0,"1","180","D",.,"A",60,"D","1","D"
"20143",2812313,73,0,"1","105","D",.,"A",81,"D","1","D"
"20143",2812403,34,0,"1","105","D",.,"A",2981,"D","1","D"
"20143",2814243,30,0,"1","105","D",.,"A",520,"D","1","D"
"20143",2814322,7,0,"1","105","D",.,"A",202,"D","1","D"
"20143",2814332,11,0,"1","105","D",.,"A",175,"D","2","D"
"20143",2814432,17,0,"1","105","D",.,"A",20,"D","2","D"
"20143",2814622,42,0,"1","180","D",.,"A",21,"D","2","D"
"20143",2816232,30,0,"1","105","D",.,"A",800,"D","2","D"
"20143",2816922,30,0,"1","105","D",.,"A",150,"D","1","D"
"20143",2818332,24,0,"1","105","D",.,"A",169,"D","1","D"
"20143",2819482,37,0,"1","105","D",.,"A",360,"D","1","D"
"20143",2820772,15,0,"1","105","D",.,"A",85,"D","1","D"
"20143",2820812,24,0,"1","105","D",.,"A",350,"D","1","D"
"20143",2820872,52,0,"1","105","D",.,"A",879,"D","2","D"
"20143",2821322,35,0,"1","105","D",.,"A",210,"D","1","D"
"20143",2822642,42,0,"1","105","D",.,"A",420,"D","1","D"
"20143",2823262,26,0,"1","105","D",.,"A",100,"D","1","D"
"20143",2823672,18,0,"1","105","D",.,"A",429,"D","2","D"
"20143",2823992,19,0,"1","105","D",.,"A",1,"D","2","D"
"20143",2824533,17,0,"1","105","D",.,"A",250,"D","1","D"
"20143",2824642,33,0,"1","200","D",.,"A",67,"D","2","D"
"20143",2825312,14,0,"1","105","D",.,"A",150,"D","2","D"
"20143",2837362,16,0,"1","105","D",.,"A",251,"D","1","D"
"20143",2837842,31,0,"1","105","D",.,"A",35,"D","1","D"
"20143",2838172,24,0,"1","105","D",.,"A",8,"D","2","D"
"20143",2838542,36,0,"1","105","D",.,"A",303,"D","1","D"
"20143",2838902,15,0,"1","105","D",.,"A",1700,"D","1","D"
"20143",2839342,34,0,"1","105","D",.,"A",1200,"D","1","D"
"20143",2840272,43,0,"1","105","D",.,"A",150,"D","2","D"
"20143",2840572,24,0,"1","160","D",.,"A",310,"D","1","D"
"20143",2840782,17,0,"1","105","D",.,"A",283,"D","1","D"
"20143",2841712,35,0,"1","105","D",.,"A",700,"D","1","D"
"20143",2841732,42,0,"1","105","D",.,"A",120,"D","1","D"
"20143",2842602,8,0,"1","105","D",.,"A",1080,"D","1","D"
"20143",2842702,20,0,"1","105","D",.,"A",206,"D","1","D"
"20143",2843542,19,0,"1","105","D",.,"A",411,"D","1","D"
"20143",2844402,31,0,"1","105","D",.,"A",600,"D","1","D"
"20143",2844452,51,0,"1","105","D",.,"A",70,"D","1","D"
"20143",2844642,11,0,"1","105","D",.,"A",45,"D","2","D"
"20143",2845002,61,0,"1","105","D",.,"A",171,"D","1","D"
"20143",2845152,19,0,"1","105","D",.,"A",300,"D","2","D"
"20143",2845152,20,0,"1","105","D",.,"A",300,"D","1","D"
"20143",2845192,34,0,"1","105","D",.,"A",269,"D","2","D"
"20143",2845492,60,0,"1","105","D",.,"A",40,"D","2","D"
"20143",2845862,18,0,"1","105","D",.,"A",475,"D","2","D"
"20143",2846032,40,0,"1","105","D",.,"A",186,"D","1","D"
"20143",2846262,55,0,"1","105","D",.,"A",45,"D","1","D"
"20143",2846442,32,0,"1","105","D",.,"A",350,"D","1","D"
"20143",2846472,18,0,"1","105","D",1,"D",0,"D","2","D"
"20143",2846742,38,0,"1","105","D",.,"A",370,"D","1","D"
"20143",2847092,12,0,"1","105","D",.,"A",400,"D","1","D"
"20143",2847132,75,0,"1","105","D",.,"A",15,"D","2","D"
"20143",2867332,23,0,"1","105","D",.,"A",46,"D","1","D"
"20143",2868102,19,0,"1","105","D",.,"A",329,"D","2","D"
"20143",2869482,41,0,"1","105","D",.,"A",173,"D","1","D"
"20143",2870722,34,0,"1","105","D",.,"A",270,"D","1","D"
"20143",2871192,25,0,"1","105","D",.,"A",75,"D","1","D"
"20143",2872252,32,0,"1","105","D",.,"A",300,"D","1","D"
"20143",2872532,27,0,"1","105","D",.,"A",1,"D","1","D"
"20143",2873552,40,0,"1","105","D",.,"A",200,"D","1","D"
"20143",2874402,37,0,"1","105","D",.,"A",187,"D","1","D"
"20143",2875955,16,0,"1","105","D",.,"A",640,"D","1","D"
"20143",2876162,65,0,"1","105","D",.,"A",135,"D","1","D"
"20143",2876192,39,0,"1","105","D",0.05,"D",1151,"D","2","D"
"20143",2876772,41,0,"1","105","D",.,"A",150,"D","1","D"
"20143",2877542,15,0,"1","105","D",.,"A",160,"D","1","D"
"20143",2877862,27,0,"1","105","D",.,"A",250,"D","2","D"
"20143",2904464,16,0,"1","105","D",.,"A",285,"D","1","D"
"20143",2908495,16,0,"1","105","D",.,"A",125,"D","2","D"
"20143",2924445,14,0,"1","105","D",.,"A",200,"D","2","D"
"20143",2930943,13,0,"1","105","D",.,"A",180,"D","1","D"
"20143",2931424,20,0,"1","105","D",.,"A",350,"D","2","D"
"20143",2933092,18,0,"1","105","D",.,"A",176,"F","2","D"
"20143",2950645,40,0,"1","105","D",.,"A",200,"D","1","D"
"20143",2953393,16,0,"1","105","D",.,"A",100,"D","2","D"
"20143",2955673,14,0,"1","105","D",.,"A",160,"D","2","D"
"20144",2747905,54,0,"1","170","D",.,"A",25,"D","2","D"
"20144",2748075,27,0,"1","105","D",.,"A",100,"D","2","D"
"20144",2749245,60,0,"1","105","D",.,"A",272,"D","1","D"
"20144",2749285,54,0,"1","105","D",.,"A",190,"D","1","D"
"20144",2749395,37,0,"1","105","D",.,"A",88,"D","1","D"
"20144",2749975,29,0,"1","105","D",.,"A",168,"D","1","D"
"20144",2749975,30,0,"1","105","D",.,"A",124,"D","1","D"
"20144",2750215,37,0,"1","105","D",.,"A",200,"D","1","D"
"20144",2751025,40,0,"1","105","D",.,"A",300,"D","1","D"
"20144",2751505,39,0,"1","105","D",.,"A",196,"D","1","D"
"20144",2752325,24,0,"1","105","D",.,"A",40,"D","2","D"
"20144",2752595,41,0,"1","180","D",.,"A",450,"D","2","D"
"20144",2752705,40,0,"1","105","D",.,"A",550,"D","1","D"
"20144",2753415,79,0,"1","160","D",.,"A",188,"D","1","D"
"20144",2754745,90,0,"1","105","D",.,"A",915,"D","2","D"
"20144",2754865,20,0,"1","105","D",.,"A",600,"D","1","D"
"20144",2756355,42,0,"1","105","D",.,"A",700,"D","1","D"
"20144",2756915,45,0,"1","180","D",.,"A",50,"D","2","D"
"20144",2757015,33,0,"1","105","D",.,"A",150,"D","1","D"
"20144",2757115,34,0,"1","105","D",.,"A",364,"F","1","D"
"20144",2757615,10,0,"1","105","D",.,"A",200,"D","2","D"
"20144",2759125,26,0,"1","160","D",.,"A",600,"D","1","D"
"20144",2759325,32,0,"1","105","D",.,"A",54,"D","1","D"
"20144",2759335,25,0,"1","200","D",.,"A",2200,"D","1","D"
"20144",2759635,82,0,"1","105","D",.,"A",80,"D","1","D"
"20144",2760395,16,0,"1","105","D",.,"A",175,"D","1","D"
"20144",2761325,45,0,"1","105","D",.,"A",258,"D","1","D"
"20144",2762105,41,0,"1","105","D",.,"A",160,"D","1","D"
"20144",2762845,43,0,"1","105","D",.,"A",75,"D","1","D"
"20144",2763655,35,0,"1","105","D",.,"A",270,"D","1","D"
"20144",2766155,32,0,"1","105","D",.,"A",200,"D","1","D"
"20144",2766855,21,0,"1","105","D",.,"A",110,"D","1","D"
"20144",2769225,33,0,"1","105","D",.,"A",1100,"D","1","D"
"20144",2769845,23,0,"1","105","D",.,"A",480,"D","2","D"
"20144",2769865,29,0,"1","105","D",.,"A",227,"D","1","D"
"20144",2770235,22,0,"1","105","D",.,"A",158,"D","1","D"
"20144",2770435,57,0,"1","200","D",.,"A",40,"D","1","D"
"20144",2773355,35,0,"1","105","D",.,"A",2400,"D","2","D"
"20144",2774505,22,0,"1","105","D",.,"A",60,"D","2","D"
"20144",2775685,38,0,"1","105","D",.,"A",250,"D","1","D"
"20144",2776225,36,0,"1","105","D",.,"A",90,"D","2","D"
"20144",2776555,11,0,"1","105","D",.,"A",400,"D","1","D"
"20144",2777095,19,0,"1","105","D",.,"A",22,"D","2","D"
"20144",2777095,20,0,"1","105","D",.,"A",43,"D","2","D"
"20144",2778485,14,0,"1","105","D",.,"A",100,"D","1","D"
"20144",2778775,42,0,"1","105","D",.,"A",200,"D","2","D"
"20144",2779015,22,0,"1","105","D",.,"A",437,"D","2","D"
"20144",2780275,55,0,"1","105","D",.,"A",120,"D","1","D"
"20144",2780465,42,0,"1","105","D",.,"A",106,"D","1","D"
"20144",2781334,40,0,"1","105","D",.,"A",200,"D","1","D"
"20144",2781524,32,0,"1","200","D",.,"A",100,"D","1","D"
"20144",2782084,27,0,"1","105","D",.,"A",178,"D","1","D"
"20144",2782104,31,0,"1","105","D",.,"A",125,"D","1","D"
"20144",2782154,20,0,"1","105","D",.,"A",137,"D","1","D"
"20144",2782694,31,0,"1","105","D",.,"A",150,"D","1","D"
"20144",2783374,50,0,"1","105","D",.,"A",225,"D","2","D"
"20144",2785684,66,0,"1","105","D",.,"A",4,"D","2","D"
"20144",2788014,56,0,"1","105","D",.,"A",400,"D","1","D"
"20144",2789504,40,0,"1","105","D",.,"A",360,"D","1","D"
"20144",2789964,42,0,"1","105","D",.,"A",350,"D","1","D"
"20144",2789964,43,0,"1","105","D",.,"A",50,"D","1","D"
"20144",2790934,43,0,"1","105","D",.,"A",260,"D","2","D"
"20144",2792104,42,0,"1","105","D",0.25,"D",284,"D","2","D"
"20144",2792484,29,0,"1","105","D",.,"A",802,"D","2","D"
"20144",2793514,32,0,"1","105","D",.,"A",450,"D","1","D"
"20144",2793604,25,0,"1","105","D",.,"A",100,"D","1","D"
"20144",2795454,32,0,"1","105","D",.,"A",30,"D","2","D"
"20144",2795514,24,0,"1","105","D",.,"A",110,"D","1","D"
"20144",2796234,54,0,"1","105","D",.,"A",325,"D","2","D"
"20144",2796604,21,0,"1","105","D",.,"A",300,"D","1","D"
"20144",2796604,22,0,"1","105","D",.,"A",60,"D","1","D"
"20144",2797404,48,0,"1","105","D",.,"A",550,"D","1","D"
"20144",2797524,22,0,"1","105","D",.,"A",500,"D","2","D"
"20144",2799504,25,0,"1","105","D",.,"A",160,"D","1","D"
"20144",2800334,41,0,"1","105","D",.,"A",270,"D","1","D"
"20144",2800644,59,0,"1","105","D",.,"A",110,"D","2","D"
"20144",2804254,40,0,"1","105","D",.,"A",174,"D","1","D"
"20144",2804344,13,0,"1","105","D",.,"A",288,"D","2","D"
"20144",2805444,33,0,"1","105","D",.,"A",100,"D","1","D"
"20144",2806924,50,0,"1","105","D",.,"A",50,"D","2","D"
"20144",2810324,36,0,"1","105","D",.,"A",175,"D","1","D"
"20144",2810644,28,0,"1","105","D",.,"A",40,"D","2","D"
"20144",2811974,46,0,"1","105","D",.,"A",600,"D","1","D"
"20144",2812404,35,0,"1","105","D",.,"A",15,"D","1","D"
"20144",2813664,44,0,"1","105","D",.,"A",202,"D","1","D"
"20144",2813774,45,0,"1","105","D",.,"A",1100,"D","1","D"
"20144",2813804,30,0,"1","105","D",.,"A",144,"D","2","D"
"20144",2814923,35,0,"1","105","D",.,"A",49,"D","2","D"
"20144",2815143,15,0,"1","105","D",.,"A",150,"D","1","D"
"20144",2816453,19,0,"1","105","D",.,"A",150,"D","1","D"
"20144",2820093,18,0,"1","105","D",.,"A",1100,"D","1","D"
"20144",2820433,59,0,"1","105","D",.,"A",159,"D","1","D"
"20144",2821013,55,0,"1","105","D",.,"A",200,"D","1","D"
"20144",2822643,46,0,"1","105","D",.,"A",150,"D","2","D"
"20144",2823213,21,0,"1","105","D",.,"A",200,"D","2","D"
"20144",2824643,47,0,"1","105","D",.,"A",67,"D","2","D"
"20144",2825303,26,0,"1","105","D",.,"A",300,"D","1","D"
"20144",2837603,23,0,"1","105","D",.,"A",30,"D","2","D"
"20144",2837644,20,0,"1","105","D",1,"D",0,"D","1","D"
"20144",2838173,35,0,"1","105","D",0.8,"D",40,"D","2","D"
"20144",2838983,21,0,"1","105","D",.,"A",100,"D","1","D"
"20144",2840273,40,0,"1","105","D",.,"A",320,"D","2","D"
"20144",2840473,8,0,"1","105","D",1,"D",0,"D","2","D"
"20144",2841553,14,0,"1","105","D",.,"A",263,"F","2","D"
"20144",2843503,16,0,"1","105","D",.,"A",27,"D","1","D"
"20144",2843745,13,0,"1","105","D",.,"A",70,"D","1","D"
"20144",2843943,89,0,"1","105","D",.,"A",364,"F","1","D"
"20144",2844643,19,0,"1","105","D",.,"A",43,"D","2","D"
"20144",2845363,28,0,"1","105","D",.,"A",500,"D","1","D"
"20144",2845493,53,0,"1","105","D",.,"A",80,"D","1","D"
"20144",2867433,20,0,"1","105","D",.,"A",500,"D","1","D"
"20144",2868103,13,0,"1","105","D",.,"A",313,"D","2","D"
"20144",2869263,92,0,"1","105","D",.,"A",130,"D","1","D"
"20144",2871893,20,0,"1","105","D",.,"A",362,"D","1","D"
"20144",2873093,27,0,"1","105","D",.,"A",450,"D","1","D"
"20144",2873293,38,0,"1","105","D",.,"A",200,"D","2","D"
"20144",2873363,22,0,"1","105","D",.,"A",200,"D","1","D"
"20144",2873403,44,0,"1","105","D",.,"A",150,"D","1","D"
"20144",2873733,37,0,"1","105","D",.,"A",249,"D","2","D"
"20144",2875423,25,0,"1","105","D",.,"A",190,"D","1","D"
"20144",2875423,26,0,"1","105","D",.,"A",65,"D","1","D"
"20144",2875643,27,0,"1","105","D",.,"A",277,"D","1","D"
"20144",2876633,17,0,"1","105","D",.,"A",20,"D","2","D"
"20144",2900832,25,0,"1","105","D",.,"A",1300,"D","1","D"
"20144",2900892,67,0,"1","105","D",.,"A",200,"D","1","D"
"20144",2901142,32,0,"1","105","D",0.25,"D",338,"D","2","D"
"20144",2901382,12,0,"1","105","D",.,"A",34,"D","2","D"
"20144",2901382,13,0,"1","105","D",.,"A",145,"D","2","D"
"20144",2901524,15,0,"1","105","D",.,"A",150,"D","1","D"
"20144",2901802,33,0,"1","105","D",.,"A",300,"D","1","D"
"20144",2902242,17,0,"1","105","D",.,"A",75,"D","1","D"
"20144",2902452,60,0,"1","105","D",.,"A",120,"D","1","D"
"20144",2902532,37,0,"1","105","D",.,"A",350,"D","1","D"
"20144",2904312,63,0,"1","105","D",.,"A",100,"D","2","D"
"20144",2904592,24,0,"1","105","D",.,"A",140,"D","2","D"
"20144",2905844,22,0,"1","105","D",0.8,"D",500,"D","2","D"
"20144",2906172,31,0,"1","105","D",.,"A",70,"D","2","D"
"20144",2906302,45,0,"1","105","D",.,"A",2140,"D","1","D"
"20144",2906542,47,0,"1","105","D",1,"D",0,"D","2","D"
"20144",2908404,58,0,"1","105","D",.,"A",111,"D","1","D"
"20144",2908705,34,0,"1","105","D",1,"D",0,"D","2","D"
"20144",2909032,28,0,"1","180","D",.,"A",112,"D","2","D"
"20144",2909132,32,0,"1","105","D",.,"A",600,"D","1","D"
"20144",2909212,34,0,"1","105","D",.,"A",150,"D","1","D"
"20144",2909352,14,0,"1","105","D",.,"A",65,"D","1","D"
"20144",2910222,13,0,"1","105","D",.,"A",35,"D","2","D"
"20144",2923062,39,0,"1","105","D",0.4,"D",120,"D","2","D"
"20144",2923112,55,0,"1","105","D",.,"A",980,"D","1","D"
"20144",2923872,30,0,"1","105","D",.,"A",500,"D","1","D"
"20144",2924572,23,0,"1","160","D",.,"A",78,"D","1","D"
"20144",2925252,55,0,"1","170","D",.,"A",130,"D","1","D"
"20144",2926932,16,0,"1","105","D",.,"A",253,"D","1","D"
"20144",2928332,32,0,"1","105","D",.,"A",150,"D","1","D"
"20144",2929962,24,0,"1","105","D",.,"A",80,"D","1","D"
"20144",2930752,21,0,"1","105","D",.,"A",988,"D","1","D"
"20144",2931672,48,0,"1","130","D",.,"A",179,"D","1","D"
"20144",2932342,37,0,"1","105","D",.,"A",32,"D","2","D"
"20144",2932362,25,0,"1","105","D",.,"A",150,"D","1","D"
"20144",2932662,27,0,"1","105","D",.,"A",490,"D","1","D"
"20144",2944304,15,0,"1","105","D",.,"A",100,"D","2","D"
"20144",2946902,18,0,"1","105","D",.,"A",432,"D","1","D"
"20144",2949135,42,0,"1","105","D",.,"A",200,"D","1","D"
"20144",2950602,62,0,"1","105","D",.,"A",110,"D","2","D"
"20144",2951262,28,0,"1","105","D",.,"A",660,"D","1","D"
"20144",2951872,24,0,"1","105","D",.,"A",88,"D","1","D"
"20144",2952122,33,0,"1","105","D",.,"A",100,"D","1","D"
"20144",2953552,52,0,"1","105","D",.,"A",348,"D","2","D"
"20144",2953742,27,0,"1","105","D",.,"A",150,"D","2","D"
"20144",2954632,11,0,"1","105","D",.,"A",200,"D","1","D"
"20144",2954833,28,0,"1","105","D",.,"A",57,"D","1","D"
"20144",2971882,12,0,"1","105","D",.,"A",263,"F","2","D"
"20144",2972862,46,0,"1","105","D",1,"D",0,"D","1","D"
"20144",2973773,21,0,"1","105","D",.,"A",55,"D","2","D"
"20144",2974724,27,0,"1","105","D",.,"A",150,"D","1","D"
"20144",2976693,30,0,"1","105","D",.,"A",625,"D","2","D"
"20144",2977324,53,0,"1","105","D",.,"A",125,"D","2","D"
"20144",2977844,8,0,"1","105","D",.,"A",342,"D","1","D"
"20144",2993492,26,0,"1","105","D",.,"A",188,"D","2","D"
"20144",2996282,12,0,"1","200","D",.,"A",47,"D","2","D"
"20144",3004205,5,0,"1","105","D",.,"A",137,"D","1","D"
"20144",3005805,6,0,"1","105","D",.,"A",85,"D","2","D"
"20144",3008625,14,0,"1","105","D",.,"A",254,"F","2","D"
"20144",3009915,18,0,"1","105","D",.,"A",89,"D","2","D"
"20144",3010875,10,0,"1","105","D",.,"A",640,"D","2","D"
"20151",2781525,41,0,"1","105","D",.,"A",390,"D","2","D"
"20151",2781715,15,0,"1","105","D",1,"D",0,"D","2","D"
"20151",2782085,25,0,"1","105","D",0.25,"D",473,"D","1","D"
"20151",2782695,48,0,"1","105","D",.,"A",140,"D","1","D"
"20151",2783075,14,0,"1","105","D",.,"A",600,"D","1","D"
"20151",2785565,34,0,"1","105","D",.,"A",350,"D","1","D"
"20151",2785965,39,0,"1","105","D",1,"D",0,"D","2","D"
"20151",2786915,51,0,"1","105","D",.,"A",60,"D","1","D"
"20151",2789475,35,0,"1","105","D",.,"A",222,"D","1","D"
"20151",2791265,24,0,"1","105","D",.,"A",300,"D","2","D"
"20151",2791265,25,0,"1","105","D",1,"D",0,"D","1","D"
"20151",2795515,26,0,"1","105","D",.,"A",550,"D","1","D"
"20151",2797405,57,0,"1","105","D",.,"A",700,"D","1","D"
"20151",2801575,43,0,"1","105","D",.,"A",247,"F","1","D"
"20151",2801575,44,0,"1","105","D",.,"A",247,"F","1","D"
"20151",2805645,35,0,"1","180","D",.,"A",150,"D","2","D"
"20151",2808615,26,0,"1","105","D",.,"A",86,"D","1","D"
"20151",2808885,28,0,"1","105","D",.,"A",300,"D","1","D"
"20151",2809575,21,0,"1","105","D",.,"A",465,"D","2","D"
"20151",2810645,27,0,"1","105","D",.,"A",101,"D","2","D"
"20151",2810945,52,0,"1","105","D",.,"A",220,"D","2","D"
"20151",2811055,27,0,"1","105","D",.,"A",180,"D","2","D"
"20151",2811415,43,0,"1","105","D",.,"A",300,"D","1","D"
"20151",2811675,20,0,"1","105","D",.,"A",260,"D","1","D"
"20151",2813775,48,0,"1","105","D",.,"A",37,"D","1","D"
"20151",2813895,27,0,"1","105","D",.,"A",100,"D","2","D"
"20151",2815774,30,0,"1","105","D",.,"A",30,"D","1","D"
"20151",2816274,36,0,"1","105","D",.,"A",100,"D","2","D"
"20151",2816554,29,0,"1","105","D",.,"A",392,"D","2","D"
"20151",2816924,40,0,"1","105","D",.,"A",330,"D","1","D"
"20151",2818564,29,0,"1","105","D",.,"A",60,"D","1","D"
"20151",2819234,28,0,"1","105","D",.,"A",180,"D","1","D"
"20151",2821274,64,0,"1","105","D",.,"A",360,"D","1","D"
"20151",2821974,40,0,"1","105","D",.,"A",250,"D","2","D"
"20151",2824914,29,0,"1","105","D",.,"A",412,"D","2","D"
"20151",2837244,25,0,"1","105","D",.,"A",103,"D","1","D"
"20151",2837524,33,0,"1","105","D",.,"A",42,"D","2","D"
"20151",2840574,27,0,"1","105","D",.,"A",220,"D","1","D"
"20151",2841094,56,0,"1","105","D",.,"A",310,"D","1","D"
"20151",2841284,26,0,"1","105","D",.,"A",200,"D","1","D"
"20151",2841284,27,0,"1","105","D",.,"A",150,"D","2","D"
"20151",2841524,47,0,"1","105","D",.,"A",370,"D","2","D"
"20151",2842734,27,0,"1","105","D",.,"A",125,"D","1","D"
"20151",2843684,9,0,"1","105","D",.,"A",120,"D","2","D"
"20151",2843944,90,0,"1","105","D",.,"A",550,"D","1","D"
"20151",2844644,17,0,"1","105","D",.,"A",227,"D","2","D"
"20151",2845364,25,0,"1","105","D",.,"A",500,"D","1","D"
"20151",2867424,21,0,"1","105","D",.,"A",288,"F","2","D"
"20151",2869354,61,0,"1","105","D",.,"A",155,"D","1","D"
"20151",2870554,16,0,"1","105","D",.,"A",135,"D","2","D"
"20151",2871994,83,0,"1","105","D",.,"A",280,"D","1","D"
"20151",2872404,48,0,"1","105","D",.,"A",122,"D","2","D"
"20151",2873754,30,0,"1","105","D",.,"A",250,"D","1","D"
"20151",2875334,34,0,"1","105","D",.,"A",295,"D","1","D"
"20151",2875424,27,0,"1","105","D",.,"A",104,"D","1","D"
"20151",2876544,62,0,"1","150","D",.,"A",150,"D","1","D"
"20151",2876624,34,0,"1","105","D",.,"A",382,"D","1","D"
"20151",2900893,51,0,"1","105","D",.,"A",140,"D","2","D"
"20151",2900903,34,0,"1","105","D",.,"A",300,"D","2","D"
"20151",2900903,35,0,"1","105","D",.,"A",150,"D","1","D"
"20151",2900993,24,0,"1","105","D",.,"A",45,"D","1","D"
"20151",2901383,11,0,"1","105","D",.,"A",30,"D","2","D"
"20151",2901483,15,0,"1","105","D",.,"A",600,"D","1","D"
"20151",2903603,36,0,"1","105","D",.,"A",420,"D","1","D"
"20151",2905933,14,0,"1","105","D",1,"D",0,"D","2","D"
"20151",2906603,32,0,"1","105","D",.,"A",160,"D","1","D"
"20151",2907543,17,0,"1","105","D",0.8,"D",104,"D","2","D"
"20151",2907763,30,0,"1","105","D",.,"A",160,"D","1","D"
"20151",2908943,31,0,"1","105","D",.,"A",500,"D","1","D"
"20151",2910383,32,0,"1","105","D",.,"A",145,"D","1","D"
"20151",2911563,32,0,"1","105","D",.,"A",243,"D","1","D"
"20151",2922733,38,0,"1","200","D",.,"A",310,"D","1","D"
"20151",2923223,10,0,"1","105","D",.,"A",31,"D","2","D"
"20151",2923963,31,0,"1","105","D",.,"A",150,"D","2","D"
"20151",2927193,28,0,"1","105","D",.,"A",288,"F",,"C"
"20151",2930453,32,0,"1","105","D",.,"A",200,"D","1","D"
"20151",2930453,33,0,"1","105","D",.,"A",200,"D","1","D"
"20151",2930453,34,0,"1","105","D",.,"A",200,"D","1","D"
"20151",2930945,17,0,"1","105","D",.,"A",80,"D","1","D"
"20151",2931093,19,0,"1","105","D",.,"A",45,"D","1","D"
"20151",2931573,52,0,"1","105","D",.,"A",200,"D","2","D"
"20151",2932943,30,0,"1","105","D",.,"A",650,"D","2","D"
"20151",2945073,14,0,"1","105","D",.,"A",150,"D","2","D"
"20151",2947023,50,0,"1","105","D",.,"A",34,"D","2","D"
"20151",2947173,36,0,"1","105","D",.,"A",250,"D","1","D"
"20151",2947533,15,0,"1","105","D",.,"A",247,"F","2","D"
"20151",2947943,17,0,"1","105","D",.,"A",800,"D","1","D"
"20151",2948683,63,0,"1","105","D",.,"A",550,"D","1","D"
"20151",2948993,23,0,"1","105","D",.,"A",350,"D","1","D"
"20151",2949543,32,0,"1","105","D",.,"A",189,"D","2","D"
"20151",2950913,48,0,"1","105","D",.,"A",1,"D","2","D"
"20151",2953333,41,0,"1","105","D",1,"D",0,"D","1","D"
"20151",2954753,32,0,"1","105","D",.,"A",112,"D","1","D"
"20151",2955083,24,0,"1","105","D",.,"A",140,"D","2","D"
"20151",2955123,34,0,"1","105","D",.,"A",93,"D","1","D"
"20151",2966822,33,0,"1","105","D",.,"A",500,"D","1","D"
"20151",2967292,47,0,"1","105","D",.,"A",240,"D","1","D"
"20151",2970782,23,0,"1","105","D",.,"A",60,"D","2","D"
"20151",2972642,46,0,"1","105","D",.,"A",120,"D","1","D"
"20151",2973812,33,0,"1","105","D",.,"A",250,"D","2","D"
"20151",2977262,27,0,"1","105","D",.,"A",117,"D","1","D"
"20151",2991492,30,0,"1","105","D",.,"A",1000,"D","2","D"
"20151",2993514,28,0,"1","105","D",.,"A",295,"D","1","D"
"20151",2996102,23,0,"1","105","D",.,"A",100,"D","2","D"
"20151",2996142,42,0,"1","200","D",.,"A",100,"D","2","D"
"20151",2997252,59,0,"1","105","D",.,"A",250,"D","1","D"
"20151",2997252,60,0,"1","105","D",.,"A",200,"D","1","D"
"20151",2997372,23,0,"1","105","D",.,"A",100,"D","2","D"
"20151",2997622,27,0,"1","105","D",.,"A",136,"D","2","D"
"20151",2998032,74,0,"1","105","D",.,"A",45,"D","2","D"
"20151",2998042,24,0,"1","105","D",.,"A",800,"D","2","D"
"20151",2999932,27,0,"1","105","D",.,"A",60,"D","1","D"
"20151",2999942,81,0,"1","105","D",.,"A",100,"D","1","D"
"20151",3000142,55,0,"1","105","D",.,"A",270,"D","2","D"
"20151",3001492,30,0,"1","105","D",.,"A",500,"D","1","D"
"20151",3001622,25,0,"1","105","D",.,"A",170,"D","2","D"
"20151",3001855,14,0,"1","105","D",.,"A",200,"D","1","D"
"20151",3002112,13,0,"1","105","D",.,"A",260,"D","1","D"
"20151",3002422,18,0,"1","105","D",.,"A",345,"D","2","D"
"20151",3002952,31,0,"1","105","D",.,"A",288,"D","1","D"
"20151",3003822,16,0,"1","105","D",.,"A",30,"D","2","D"
"20151",3004692,8,0,"1","105","D",.,"A",260,"D","2","D"
"20151",3004772,39,0,"1","105","D",.,"A",385,"D","2","D"
"20151",3004912,40,0,"1","105","D",0.33,"D",151,"D","2","D"
"20151",3006952,20,0,"1","105","D",.,"A",300,"D","1","D"
"20151",3006952,21,0,"1","200","D",.,"A",80,"D","2","D"
"20151",3007442,52,0,"1","105","D",.,"A",220,"D","1","D"
"20151",3007842,31,0,"1","105","D",.,"A",70,"D","1","D"
"20151",3007842,32,0,"1","105","D",.,"A",275,"D","1","D"
"20151",3008102,26,0,"1","105","D",.,"A",300,"D","1","D"
"20151",3009385,31,0,"1","105","D",.,"A",1000,"D","1","D"
"20151",3009462,34,0,"1","180","D",.,"A",62,"D","2","D"
"20151",3045402,6,0,"1","105","D",.,"A",700,"D","2","D"
"20151",3045763,16,0,"1","105","D",.,"A",800,"D","2","D"
"20151",3045864,32,0,"1","105","D",.,"A",150,"D","2","D"
"20151",3046005,10,0,"1","105","D",.,"A",200,"D","1","D"
